<?xml version="1.0" encoding="UTF-8" standalone="yes"?>
<addon id="plugin.program.kodikingbuildwizard" name="Kodi King build wizard" version="1.1" provider-name="The King">
  <requires>
    <import addon="xbmc.python" version="2.1.0"/>
  </requires>
  <extension point="xbmc.python.pluginsource" library="default.py">
        <provides>executable</provides>
  </extension>
  <extension point="xbmc.addon.metadata">
    <summary lang="en">Kodi King Build Wizard</summary>
    <description lang="en">Kodi King Build Wizard</description>
    <platform>all</platform>
  </extension>
</addon>
