<?xml version='1.0' encoding='UTF-8'?>
<shortcuts>
	<shortcut>
		<defaultID>programs</defaultID>
		<label>[COLOR darkorange]Program Addons[/COLOR]</label>
		<label2>Common Shortcut</label2>
		<icon>special://skin/backgrounds/Addons.jpg</icon>
		<thumb />
		<action>ActivateWindow(Programs,Addons,return)</action>
	</shortcut>
	<shortcut>
		<defaultID>1036</defaultID>
		<label>[COLOR darkorange]Favorites[/COLOR]</label>
		<label2>Common Shortcut</label2>
		<icon>special://skin/backgrounds/Favourites.jpg</icon>
		<thumb />
		<action>ActivateWindow(Favourites)</action>
	</shortcut>
	<shortcut>
		<defaultID>1038</defaultID>
		<label>[COLOR darkorange]Music Addons[/COLOR]</label>
		<label2>Music</label2>
		<icon>DefaultShortcut.png</icon>
		<thumb />
		<action>ActivateWindow(MusicLibrary,Addons,return)</action>
	</shortcut>
	<shortcut>
		<defaultID>1037</defaultID>
		<label>[COLOR darkorange]Video Addons[/COLOR]</label>
		<label2>Videos</label2>
		<icon>DefaultShortcut.png</icon>
		<thumb />
		<action>ActivateWindow(Videos,Addons,return)</action>
	</shortcut>
	<shortcut>
		<defaultID />
		<label>[COLOR darkorange]Maintenance[/COLOR]</label>
		<label2>Program</label2>
		<icon>DefaultShortcut.png</icon>
		<thumb>image://C%3a%5cUsers%5cTodd%5cAppData%5cRoaming%5cKodi%5caddons%5cscript.rawmaintenance%5cmedia%5cmaintenance.png/</thumb>
		<action>ActivateWindow(10001,"plugin://script.rawmaintenance/?url=url&amp;mode=5&amp;name=Maintenance",return)</action>
	</shortcut>
	<shortcut>
		<defaultID>1039</defaultID>
		<label>[COLOR darkorange]Picture Addons[/COLOR]</label>
		<label2>Pictures</label2>
		<icon>DefaultShortcut.png</icon>
		<thumb />
		<action>ActivateWindow(Pictures,Addons,return)</action>
	</shortcut>
	<shortcut>
		<defaultID>addonbrowser</defaultID>
		<label>[COLOR darkorange]Addon Browser[/COLOR]</label>
		<label2>Custom Shortcut</label2>
		<icon>DefaultShortcut.png</icon>
		<thumb />
		<action>ActivateWindow(addonbrowser)</action>
	</shortcut>
</shortcuts>
