<?xml version='1.0' encoding='UTF-8'?>
<shortcuts>
	<shortcut>
		<defaultID>plugin.video.nfl.com</defaultID>
		<label>[COLOR darkorange]NFL.com[/COLOR]</label>
		<label2>Video Add-On</label2>
		<icon>DefaultShortcut.png/</icon>
		<thumb>special://home/addons/plugin.video.nfl.com/icon.png/</thumb>
		<action>ActivateWindow(10025,"plugin://plugin.video.nfl.com",return)</action>
	</shortcut>
	<shortcut>
		<defaultID>plugin.video.footballreplays</defaultID>
		<label>[COLOR darkorange]Football Replays[/COLOR]</label>
		<label2>Video Add-On</label2>
		<icon>DefaultShortcut.png</icon>
		<thumb>special://home/addons/plugin.video.footballreplays/icon.png/</thumb>
		<action>ActivateWindow(10025,"plugin://plugin.video.footballreplays",return)</action>
	</shortcut>
	<shortcut>
		<defaultID>plugin.video.nhlondemand</defaultID>
		<label>[COLOR darkorange]NHL On-demand[/COLOR]</label>
		<label2>Video Add-On</label2>
		<icon>DefaultShortcut.png</icon>
		<thumb>special://home/addons/plugin.video.nhlondemand/icon.png/</thumb>
		<action>ActivateWindow(10025,"plugin://plugin.video.nhlondemand",return)</action>
	</shortcut>
	<shortcut>
		<defaultID>plugin.video.NJMSoccer</defaultID>
		<label>[COLOR darkorange]NJM-Soccer[/COLOR]</label>
		<label2>Video Add-On</label2>
		<icon>DefaultShortcut.png</icon>
		<thumb>special://home/addons/plugin.video.NJMSOCCER/icon.png/</thumb>
		<action>ActivateWindow(10025,"plugin://plugin.video.NJMSoccer",return)</action>
	</shortcut>
	<shortcut>
		<defaultID>plugin.video.UFC</defaultID>
		<label>[COLOR darkorange]UFC[/COLOR]</label>
		<label2>Video Add-On</label2>
		<icon>DefaultShortcut.png</icon>
		<thumb>special://home/addons/plugin.video.UFC/icon.png/</thumb>
		<action>ActivateWindow(10025,"plugin://plugin.video.UFC",return)</action>
	</shortcut>
	<shortcut>
		<defaultID>plugin.video.watchwrestling</defaultID>
		<label>[COLOR darkorange]Watch Wrestling[/COLOR]</label>
		<label2>Video Add-On</label2>
		<icon>DefaultShortcut.png</icon>
		<thumb>special://home/addons/plugin.video.watchwrestling/icon.png/</thumb>
		<action>ActivateWindow(10025,"plugin://plugin.video.watchwrestling",return)</action>
	</shortcut>
	<shortcut>
		<defaultID />
		<label>[COLOR darkorange]Phoenix NHL[/COLOR]</label>
		<label2>Video Add-On</label2>
		<icon>DefaultShortcut.png</icon>
		<thumb>special://home/addons/plugin.video.phstreams%2fresources%2fmedia%2fphstreams%2fhockey.jpg/</thumb>
		<action>ActivateWindow(10025,"plugin://plugin.video.phstreams/?action=nhlDirectory",return)</action>
	</shortcut>
	<shortcut>
		<defaultID />
		<label>[COLOR darkorange]cCloud Sports[/COLOR]</label>
		<label2>Video Add-On</label2>
		<icon>DefaultShortcut.png</icon>
		<thumb>special://home/addons/plugin.video.ccloudtv/resources%2ficons%2f%2fsports.png/</thumb>
		<action>ActivateWindow(10025,"plugin://plugin.video.ccloudtv/?url=sports&amp;mode=52&amp;name=%5BCOLOR+royalblue%5D%5BB%5DSports%5B%2FB%5D%5B%2FCOLOR%5D&amp;iconimage=C%3A/Users/Todd/AppData/Roaming/Kodi/addons/plugin.video.ccloudtv/resources%2Ficons%2F%2Fsports.png",return)</action>
	</shortcut>
	<shortcut>
		<defaultID />
		<label>[COLOR darkorange]ZEUS SPORTS[/COLOR]</label>
		<label2>Video Add-On</label2>
		<icon>DefaultShortcut.png</icon>
		<thumb>image://http%3a%2f%2fs6.postimg.org%2fgqcz3ne01%2fAll_Sports.png/</thumb>
		<action>ActivateWindow(10025,"plugin://plugin.video.zeus/?url=3jNjHAjV&amp;mode=6&amp;name=%5BCOLOR+yellow%5D%5BB%5DALL+SPORT%5B%2FB%5D%5B%2FCOLOR%5D&amp;iconimage=http%3A%2F%2Fs6.postimg.org%2Fgqcz3ne01%2FAll_Sports.png&amp;description=",return)</action>
	</shortcut>
</shortcuts>
