<?xml version='1.0' encoding='UTF-8'?>
<shortcuts>
	<shortcut>
		<defaultID>13009</defaultID>
		<label>[COLOR darkorange]FAST QUIT[/COLOR]</label>
		<label2>Custom shortcut</label2>
		<icon>special://skin/backgrounds/Quit.jpg</icon>
		<thumb />
		<action>PlayMedia("plugin://plugin.program.shadowbuilds/?url=url&amp;mode=kill_xbmc&amp;name=Force+Close+Kodi&amp;fanart=C%3A%5CUsers%5CTodd%5CAppData%5CRoaming%5CKodi%5Caddons%5Cplugin.program.shadowbuilds%5Cfanart.jpg&amp;video=&amp;description=",return)</action>
	</shortcut>
	<shortcut>
		<defaultID>13014</defaultID>
		<label>[COLOR darkorange]Minimize[/COLOR]</label>
		<label2>XBMC Command</label2>
		<icon>DefaultShortcut.png</icon>
		<thumb />
		<action>Minimize</action>
	</shortcut>
	<shortcut>
		<defaultID>13013</defaultID>
		<label>[COLOR darkorange]Reboot System[/COLOR]</label>
		<label2>XBMC Command</label2>
		<icon>DefaultShortcut.png</icon>
		<thumb />
		<action>Reboot</action>
	</shortcut>
	<shortcut>
		<defaultID>13005</defaultID>
		<label>[COLOR darkorange]Shutdown System[/COLOR]</label>
		<label2>XBMC Command</label2>
		<icon>DefaultShortcut.png</icon>
		<thumb />
		<action>ShutDown</action>
	</shortcut>
	<shortcut>
		<defaultID>13010</defaultID>
		<label>[COLOR darkorange]Hibernate[/COLOR]</label>
		<label2>XBMC Command</label2>
		<icon>DefaultShortcut.png</icon>
		<thumb />
		<action>Hibernate</action>
	</shortcut>
	<shortcut>
		<defaultID>13011</defaultID>
		<label>[COLOR darkorange]Suspend[/COLOR]</label>
		<label2>XBMC Command</label2>
		<icon>DefaultShortcut.png</icon>
		<thumb />
		<action>Suspend</action>
	</shortcut>
</shortcuts>
