<shortcuts>
	<shortcut>
		<defaultID>19019</defaultID>
		<label>[COLOR darkorange]Channels[/COLOR]</label>
		<label2>Live TV</label2>
		<icon>DefaultShortcut.png</icon>
		<thumb />
		<action>ActivateWindow(TVChannels)</action>
	</shortcut>
	<shortcut>
		<defaultID>22020</defaultID>
		<label>[COLOR darkorange]Guide[/COLOR]</label>
		<label2>Live TV</label2>
		<icon>DefaultShortcut.png</icon>
		<thumb />
		<action>ActivateWindow(TVGuide)</action>
	</shortcut>
	<shortcut>
		<defaultID>19163</defaultID>
		<label>[COLOR darkorange]Recordings[/COLOR]</label>
		<label2>Live TV</label2>
		<icon>DefaultShortcut.png</icon>
		<thumb />
		<action>ActivateWindow(TVRecordings)</action>
	</shortcut>
	<shortcut>
		<defaultID>19040</defaultID>
		<label>[COLOR darkorange]Timers[/COLOR]</label>
		<label2>Live TV</label2>
		<icon>DefaultShortcut.png</icon>
		<thumb />
		<action>ActivateWindow(TVTimers)</action>
	</shortcut>
	<shortcut>
		<defaultID>137</defaultID>
		<label>[COLOR darkorange]Search[/COLOR]</label>
		<label2>Live TV</label2>
		<icon>DefaultShortcut.png</icon>
		<thumb />
		<action>ActivateWindow(TVSearch)</action>
	</shortcut>
</shortcuts>
