<?xml version='1.0' encoding='UTF-8'?>
<shortcuts>
	<shortcut>
		<defaultID>plugin.video.youtube</defaultID>
		<label>YouTube</label>
		<label2>Video Add-On</label2>
		<icon>DefaultShortcut.png</icon>
		<thumb>special://home/userdata\Artwork\YouTube-logo-full_color.png</thumb>
		<action>ActivateWindow(10025,"plugin://plugin.video.youtube",return)</action>
	</shortcut>
	<shortcut>
		<defaultID>script.dnatvguide</defaultID>
		<label>dnaTV Guide</label>
		<label2>Program</label2>
		<icon>DefaultShortcut.png</icon>
		<thumb>image://C%3a%5cUsers%5cTodd%5cAppData%5cRoaming%5cKodi%5caddons%5cscript.dnatvguide%5cicon.png/</thumb>
		<action>RunAddOn(script.dnatvguide)</action>
	</shortcut>
	<shortcut>
		<defaultID>script.iptvkingguide</defaultID>
		<label>The King TV Guide</label>
		<label2>Program</label2>
		<icon>DefaultShortcut.png</icon>
		<thumb>special://home/userdata\Artwork\TheKing.png</thumb>
		<action>RunAddOn(script.iptvkingguide)</action>
	</shortcut>
	<shortcut>
		<defaultID>livetv</defaultID>
		<label>32022</label>
		<label2>Common Shortcut</label2>
		<icon>special://skin/backgrounds/Tv.jpg</icon>
		<thumb />
		<action>ActivateWindow(TVChannels)</action>
		<visible>System.GetBool(pvrmanager.enabled)</visible>
	</shortcut>
	<shortcut>
		<defaultID />
		<label>On Demand</label>
		<label2>Custom shortcut</label2>
		<icon>DefaultShortcut.png</icon>
		<thumb>C:\Users\Todd\AppData\Roaming\Kodi\userdata\Artwork\OnDemand.png</thumb>
		<action>noop</action>
	</shortcut>
	<shortcut>
		<defaultID />
		<label>ALL SPORTS</label>
		<label2>Video Add-On</label2>
		<icon>DefaultShortcut.png</icon>
		<thumb>special://home/userdata\Artwork\sports.png</thumb>
		<action>noop</action>
	</shortcut>
	<shortcut>
		<defaultID>plugin.video.funniermoments</defaultID>
		<label>4 KIDS</label>
		<label2>Video Add-On</label2>
		<icon>DefaultShortcut.png</icon>
		<thumb>special://home/userdata\Artwork\Kids.jpg</thumb>
		<action>ActivateWindow(10025,"plugin://plugin.video.funniermoments",return)</action>
	</shortcut>
	<shortcut>
		<defaultID>movies</defaultID>
		<label>My Movies</label>
		<label2>Common Shortcut</label2>
		<icon>special://skin/backgrounds/Movies.jpg</icon>
		<thumb />
		<action>ActivateWindow(VideoLibrary,MovieTitles,return)</action>
		<visible>!Skin.HasSetting(plexbmc) + Library.HasContent(Movies)</visible>
	</shortcut>
	<shortcut>
		<defaultID>tvshows</defaultID>
		<label>My TV Shows</label>
		<label2>Common Shortcut</label2>
		<icon>special://skin/backgrounds/TVShows.jpg</icon>
		<thumb />
		<action>ActivateWindow(VideoLibrary,TVShowTitles,return)</action>
		<visible>!Skin.HasSetting(plexbmc) + Library.HasContent(TVShows)</visible>
	</shortcut>
	<shortcut>
		<defaultID>videos</defaultID>
		<label>Videos</label>
		<label2>Common Shortcut</label2>
		<icon>special://skin/backgrounds/Videos.jpg</icon>
		<thumb>special://home/userdata/Artwork/Videos-1-icon.png</thumb>
		<action>ActivateWindow(Videos,root)</action>
		<visible>!Skin.HasSetting(plexbmc)</visible>
	</shortcut>
	<shortcut>
		<defaultID>music</defaultID>
		<label>Music</label>
		<label2>Custom shortcut</label2>
		<icon>special://skin/backgrounds/Music.jpg</icon>
		<thumb>special://home/userdata/Artwork/Music Thumb.png</thumb>
		<action>ActivateWindow(MusicLibrary,Addons,return)</action>
		<visible>!Skin.HasSetting(plexbmc)</visible>
	</shortcut>
	<shortcut>
		<defaultID>31972</defaultID>
		<label>$SKIN[31972|skin.nebula|Clips]</label>
		<label2>Common Shortcut</label2>
		<icon>special://skin/backgrounds/Clips.jpg</icon>
		<thumb />
		<action>ActivateWindow(10501,"videodb://musicvideos/")</action>
		<visible>!Skin.HasSetting(plexbmc) + Library.HasContent(MusicVideos)</visible>
	</shortcut>
	<shortcut>
		<defaultID>31971</defaultID>
		<label>$SKIN[31971|skin.nebula|Concerts]</label>
		<label2>Common Shortcut</label2>
		<icon>special://skin/backgrounds/Concerts.jpg</icon>
		<thumb />
		<action>ActivateWindow(VideoLibrary,MusicVideoTitles,return)</action>
		<visible>!Skin.HasSetting(plexbmc) + Library.HasContent(MusicVideos)</visible>
	</shortcut>
	<shortcut>
		<defaultID>radio</defaultID>
		<label>32087</label>
		<label2>Common Shortcut</label2>
		<icon>special://skin/backgrounds/Radio.jpg</icon>
		<thumb>C:\Users\Todd\AppData\Roaming\Kodi\addons\skin.nebula\backgrounds\Radio.jpg</thumb>
		<action>ActivateWindow(RadioChannels)</action>
		<visible>System.GetBool(pvrmanager.enabled)</visible>
	</shortcut>
	<shortcut>
		<defaultID>24001</defaultID>
		<label>24001</label>
		<label2>Common Shortcut</label2>
		<icon>special://skin/backgrounds/Addons.jpg</icon>
		<thumb>special://home/userdata/Artwork/addons_icon.jpg</thumb>
		<action>ActivateWindow(1119)</action>
	</shortcut>
	<shortcut>
		<defaultID>settings</defaultID>
		<label>10004</label>
		<label2>Common Shortcut</label2>
		<icon>special://skin/backgrounds/Settings.jpg</icon>
		<thumb>special://home/userdata/Artwork/settings-icon-20325004.jpg</thumb>
		<action>ActivateWindow(Settings)</action>
	</shortcut>
	<shortcut>
		<defaultID>forceclosekodi</defaultID>
		<label>Close Kodi</label>
		<label2>Favourite</label2>
		<icon>DefaultShortcut.png</icon>
		<thumb>C:\Users\Todd\AppData\Roaming\Kodi\userdata\Artwork\shutdown.jpg</thumb>
		<action>PlayMedia("plugin://plugin.program.shadowbuilds/?url=url&amp;mode=kill_xbmc&amp;name=Force+Close+Kodi&amp;fanart=C%3A%5CUsers%5CTodd%5CAppData%5CRoaming%5CKodi%5Caddons%5Cplugin.program.shadowbuilds%5Cfanart.jpg&amp;video=&amp;description=",return)</action>
	</shortcut>
	<shortcut>
		<defaultID>dvd</defaultID>
		<label>32032</label>
		<label2>Common Shortcut</label2>
		<icon>special://skin/backgrounds/Dvds.jpg</icon>
		<thumb />
		<action>PlayDVD()</action>
		<visible>System.HasMediaDVD</visible>
	</shortcut>
</shortcuts>
