<?xml version='1.0' encoding='UTF-8'?>
<shortcuts>
	<shortcut>
		<defaultID>plugin.video.vevo</defaultID>
		<label>[COLOR darkorange]VEVO[/COLOR]</label>
		<label2>Video Add-On</label2>
		<icon>DefaultShortcut.png</icon>
		<thumb>special://home/addons\plugin.video.vevo\icon.png/</thumb>
		<action>ActivateWindow(10025,"plugin://plugin.video.vevo",return)</action>
	</shortcut>
	<shortcut>
		<defaultID>plugin.audio.binaural</defaultID>
		<label>[COLOR darkorange]Bin@ural[/COLOR]</label>
		<label2>Video Add-On</label2>
		<icon>DefaultShortcut.png</icon>
		<thumb>special://home/addons\plugin.audio.binaural\icon.png/</thumb>
		<action>ActivateWindow(10025,"plugin://plugin.audio.binaural",return)</action>
	</shortcut>
	<shortcut>
		<defaultID>plugin.video.80smusicvideos</defaultID>
		<label>[COLOR darkorange]80s Music Videos[/COLOR]</label>
		<label2>Video Add-On</label2>
		<icon>DefaultShortcut.png</icon>
		<thumb>special://home/addons\plugin.video.80smusicvideos\icon.png/</thumb>
		<action>ActivateWindow(10025,"plugin://plugin.video.80smusicvideos",return)</action>
	</shortcut>
	<shortcut>
		<defaultID>plugin.video.kodisraelliveconcert</defaultID>
		<label>[COLOR darkorange]Live CONCERT HD[/COLOR]</label>
		<label2>Video Add-On</label2>
		<icon>DefaultShortcut.png</icon>
		<thumb>special://home/addons\plugin.video.kodisraelliveconcert\icon.png/</thumb>
		<action>ActivateWindow(10025,"plugin://plugin.video.kodisraelliveconcert",return)</action>
	</shortcut>
	<shortcut>
		<defaultID>1038</defaultID>
		<label>[COLOR darkorange]Music Addons[/COLOR]</label>
		<label2>Music</label2>
		<icon>DefaultAddonMusic.png</icon>
		<thumb />
		<action>ActivateWindow(MusicLibrary,Addons,return)</action>
	</shortcut>
	<shortcut>
		<defaultID>359</defaultID>
		<label>[COLOR darkorange]Recently Added[/COLOR]</label>
		<label2>Music</label2>
		<icon>DefaultShortcut.png</icon>
		<thumb />
		<action>ActivateWindow(MusicLibrary,RecentlyAddedAlbums,return)</action>
	</shortcut>
	<shortcut>
		<defaultID>517</defaultID>
		<label>[COLOR darkorange]Recently Played[/COLOR]</label>
		<label2>Music</label2>
		<icon>DefaultShortcut.png</icon>
		<thumb />
		<action>ActivateWindow(MusicLibrary,RecentlyPlayedAlbums,return)</action>
	</shortcut>
	<shortcut>
		<defaultID>133</defaultID>
		<label>[COLOR darkorange]Artists[/COLOR]</label>
		<label2>Music</label2>
		<icon>DefaultMusicArtists.png</icon>
		<thumb />
		<action>ActivateWindow(MusicLibrary,Artists,return)</action>
	</shortcut>
	<shortcut>
		<defaultID>132</defaultID>
		<label>[COLOR darkorange]Albums[/COLOR]</label>
		<label2>Music</label2>
		<icon>DefaultMusicAlbums.png</icon>
		<thumb />
		<action>ActivateWindow(MusicLibrary,Albums,return)</action>
	</shortcut>
	<shortcut>
		<defaultID>134</defaultID>
		<label>[COLOR darkorange]Songs[/COLOR]</label>
		<label2>Music</label2>
		<icon>DefaultMusicSongs.png</icon>
		<thumb />
		<action>ActivateWindow(MusicLibrary,Songs,return)</action>
	</shortcut>
	<shortcut>
		<defaultID>744</defaultID>
		<label>[COLOR darkorange]Files[/COLOR]</label>
		<label2>Music</label2>
		<icon>DefaultFolder.png</icon>
		<thumb />
		<action>ActivateWindow(MusicFiles)</action>
	</shortcut>
	<shortcut>
		<defaultID>15100</defaultID>
		<label>[COLOR darkorange]Music Library[/COLOR]</label>
		<label2>Music</label2>
		<icon>DefaultFolder.png</icon>
		<thumb />
		<action>ActivateWindow(MusicLibrary,MusicLibrary,return)</action>
	</shortcut>
	<shortcut>
		<defaultID>136</defaultID>
		<label>[COLOR darkorange]Playlists[/COLOR]</label>
		<label2>Music</label2>
		<icon>DefaultShortcut.png</icon>
		<thumb />
		<action>ActivateWindow(MusicLibrary,Playlists,return)</action>
	</shortcut>
	<shortcut>
		<defaultID>10504</defaultID>
		<label>[COLOR darkorange]Top 100[/COLOR]</label>
		<label2>Music</label2>
		<icon>DefaultShortcut.png</icon>
		<thumb />
		<action>ActivateWindow(MusicLibrary,Top100Songs,return)</action>
	</shortcut>
	<shortcut>
		<defaultID>32047</defaultID>
		<label>[COLOR darkorange]Update Library[/COLOR]</label>
		<label2>XBMC Command</label2>
		<icon>DefaultShortcut.png</icon>
		<thumb />
		<action>UpdateLibrary(music)</action>
	</shortcut>
	<shortcut>
		<defaultID>32056</defaultID>
		<label>[COLOR darkorange]Clean Library[/COLOR]</label>
		<label2>XBMC Command</label2>
		<icon>DefaultShortcut.png</icon>
		<thumb />
		<action>CleanLibrary(music)</action>
	</shortcut>
</shortcuts>
