<shortcuts>
	<shortcut>
		<defaultID>20386</defaultID>
		<label>[COLOR darkorange]Recently Added[/COLOR]</label>
		<label2>Videos</label2>
		<icon>DefaultRecentlyAddedMovies.png</icon>
		<thumb />
		<action>ActivateWindow(Videos,RecentlyAddedMovies,return)</action>
	</shortcut>
	<shortcut>
		<defaultID>20434</defaultID>
		<label>[COLOR darkorange]Sets[/COLOR]</label>
		<label2>Movies</label2>
		<icon>DefaultSets.png</icon>
		<thumb />
		<action>ActivateWindow(Videos,MovieSets,return)</action>
	</shortcut>
	<shortcut>
		<defaultID>369</defaultID>
		<label>[COLOR darkorange]Titles[/COLOR]</label>
		<label2>Movies</label2>
		<icon>DefaultMovieTitle.png</icon>
		<thumb />
		<action>ActivateWindow(Videos,MovieTitles,return)</action>
	</shortcut>
	<shortcut>
		<defaultID>135</defaultID>
		<label>[COLOR darkorange]Genres[/COLOR]</label>
		<label2>Movies</label2>
		<icon>DefaultGenre.png</icon>
		<thumb />
		<action>ActivateWindow(Videos,MovieGenres,return)</action>
	</shortcut>
	<shortcut>
		<defaultID>562</defaultID>
		<label>[COLOR darkorange]Years[/COLOR]</label>
		<label2>Movies</label2>
		<icon>DefaultYear.png</icon>
		<thumb />
		<action>ActivateWindow(Videos,MovieYears,return)</action>
	</shortcut>
	<shortcut>
		<defaultID>344</defaultID>
		<label>[COLOR darkorange]Actors[/COLOR]</label>
		<label2>Movies</label2>
		<icon>DefaultActor.png</icon>
		<thumb />
		<action>ActivateWindow(Videos,MovieActors,return)</action>
	</shortcut>
	<shortcut>
		<defaultID>20459</defaultID>
		<label>[COLOR darkorange]Tags[/COLOR]</label>
		<label2>Movies</label2>
		<icon>DefaultShortcut.png</icon>
		<thumb />
		<action>ActivateWindow(Videos,MovieTags,return)</action>
	</shortcut>
	<shortcut>
		<defaultID>136</defaultID>
		<label>[COLOR darkorange]Playlists[/COLOR]</label>
		<label2>Videos</label2>
		<icon>DefaultShortcut.png</icon>
		<thumb />
		<action>ActivateWindow(Videos,Playlists,return)</action>
	</shortcut>
</shortcuts>
