<shortcuts>
	<shortcut>
		<defaultID>20387</defaultID>
		<label>[COLOR darkorange]Recently Added[/COLOR]</label>
		<label2>Videos</label2>
		<icon>DefaultRecentlyAddedEpisodes.png</icon>
		<thumb />
		<action>ActivateWindow(Videos,RecentlyAddedEpisodes,return)</action>
	</shortcut>
	<shortcut>
		<defaultID>626</defaultID>
		<label>[COLOR darkorange]In Progress[/COLOR]</label>
		<label2>Videos</label2>
		<icon>DefaultShortcut.png</icon>
		<thumb />
		<action>ActivateWindow(Videos,library://video/inprogressshows.xml,return)</action>
	</shortcut>
	<shortcut>
		<defaultID>369</defaultID>
		<label>[COLOR darkorange]Titles[/COLOR]</label>
		<label2>TV Shows</label2>
		<icon>DefaultTVShowTitle.png</icon>
		<thumb />
		<action>ActivateWindow(Videos,TvShowTitles,return)</action>
	</shortcut>
	<shortcut>
		<defaultID>135</defaultID>
		<label>[COLOR darkorange]Genres[/COLOR]</label>
		<label2>TV Shows</label2>
		<icon>DefaultGenre.png</icon>
		<thumb />
		<action>ActivateWindow(Videos,TvShowGenres,return)</action>
	</shortcut>
	<shortcut>
		<defaultID>562</defaultID>
		<label>[COLOR darkorange]Years[/COLOR]</label>
		<label2>TV Shows</label2>
		<icon>DefaultYear.png</icon>
		<thumb />
		<action>ActivateWindow(Videos,TvShowYears,return)</action>
	</shortcut>
	<shortcut>
		<defaultID>344</defaultID>
		<label>[COLOR darkorange]Actors[/COLOR]</label>
		<label2>TV Shows</label2>
		<icon>DefaultActor.png</icon>
		<thumb />
		<action>ActivateWindow(Videos,TvShowActors,return)</action>
	</shortcut>
	<shortcut>
		<defaultID>20459</defaultID>
		<label>[COLOR darkorange]Tags[/COLOR]</label>
		<label2>TV Shows</label2>
		<icon>DefaultShortcut.png</icon>
		<thumb />
		<action>ActivateWindow(Videos,TvShowTags,return)</action>
	</shortcut>
	<shortcut>
		<defaultID>136</defaultID>
		<label>[COLOR darkorange]Playlists[/COLOR]</label>
		<label2>TV Shows</label2>
		<icon>DefaultShortcut.png</icon>
		<thumb />
		<action>ActivateWindow(Videos,Playlists,return)</action>
	</shortcut>
</shortcuts>
