<?xml version='1.0' encoding='UTF-8'?>
<shortcuts>
	<shortcut>
		<defaultID>plugin.video.1channel</defaultID>
		<label>[COLOR darkorange]1Channel[/COLOR]</label>
		<label2>Video Add-On</label2>
		<icon>DefaultShortcut.png</icon>
		<thumb>image://C%3a%5cUsers%5cTodd%5cAppData%5cRoaming%5cKodi%5caddons%5cplugin.video.1channel%5cicon.png/</thumb>
		<action>ActivateWindow(10025,"plugin://plugin.video.1channel",return)</action>
	</shortcut>
	<shortcut>
		<defaultID>script.icechannel</defaultID>
		<label>[COLOR darkorange]iSTREAM[/COLOR]</label>
		<label2>Video Add-On</label2>
		<icon>DefaultShortcut.png</icon>
		<thumb>image://C%3a%5cUsers%5cTodd%5cAppData%5cRoaming%5cKodi%5caddons%5cscript.icechannel%5cicon.png/</thumb>
		<action>ActivateWindow(10025,"plugin://script.icechannel",return)</action>
	</shortcut>
	<shortcut>
		<defaultID>plugin.video.genesis</defaultID>
		<label>[COLOR darkorange]Genesis[/COLOR]</label>
		<label2>Video Add-On</label2>
		<icon>DefaultShortcut.png</icon>
		<thumb>image://C%3a%5cUsers%5cTodd%5cAppData%5cRoaming%5cKodi%5caddons%5cplugin.video.genesis%5cicon.png/</thumb>
		<action>ActivateWindow(10025,"plugin://plugin.video.genesis",return)</action>
	</shortcut>
	<shortcut>
		<defaultID>plugin.video.salts</defaultID>
		<label>[COLOR darkorange]Stream All The Sources[/COLOR]</label>
		<label2>Video Add-On</label2>
		<icon>DefaultShortcut.png</icon>
		<thumb>image://C%3a%5cUsers%5cTodd%5cAppData%5cRoaming%5cKodi%5caddons%5cplugin.video.salts%5cicon.png/</thumb>
		<action>ActivateWindow(10025,"plugin://plugin.video.salts",return)</action>
	</shortcut>
	<shortcut>
		<defaultID>plugin.video.muchmovies.hd</defaultID>
		<label>[COLOR darkorange]Much Movies HD[/COLOR]</label>
		<label2>Video Add-On</label2>
		<icon>DefaultShortcut.png</icon>
		<thumb>image://C%3a%5cUsers%5cTodd%5cAppData%5cRoaming%5cKodi%5caddons%5cplugin.video.muchmovies.hd%5cicon.png/</thumb>
		<action>ActivateWindow(10025,"plugin://plugin.video.muchmovies.hd",return)</action>
	</shortcut>
	<shortcut>
		<defaultID>plugin.video.hulubox</defaultID>
		<label>[COLOR darkorange]HuluBox[/COLOR]</label>
		<label2>Video Add-On</label2>
		<icon>DefaultShortcut.png</icon>
		<thumb>image://C%3a%5cUsers%5cTodd%5cAppData%5cRoaming%5cKodi%5caddons%5cplugin.video.hulubox%5cicon.png/</thumb>
		<action>ActivateWindow(10025,"plugin://plugin.video.hulubox",return)</action>
	</shortcut>
	<shortcut>
		<defaultID>plugin.video.lmER</defaultID>
		<label>[COLOR darkorange]LatestDude[/COLOR]</label>
		<label2>Video Add-On</label2>
		<icon>DefaultShortcut.png</icon>
		<thumb>image://C%3a%5cUsers%5cTodd%5cAppData%5cRoaming%5cKodi%5caddons%5cplugin.video.lmER%5cicon.png/</thumb>
		<action>ActivateWindow(10025,"plugin://plugin.video.lmER",return)</action>
	</shortcut>
	<shortcut>
		<defaultID>plugin.video.moviehut</defaultID>
		<label>[COLOR darkorange]Movie Hut[/COLOR]</label>
		<label2>Video Add-On</label2>
		<icon>DefaultShortcut.png</icon>
		<thumb>image://C%3a%5cUsers%5cTodd%5cAppData%5cRoaming%5cKodi%5caddons%5cplugin.video.moviehut%5cicon.png/</thumb>
		<action>ActivateWindow(10025,"plugin://plugin.video.moviehut",return)</action>
	</shortcut>
	<shortcut>
		<defaultID>plugin.video.theroyalwe</defaultID>
		<label>[COLOR darkorange]The Royal We[/COLOR]</label>
		<label2>Video Add-On</label2>
		<icon>DefaultShortcut.png</icon>
		<thumb>image://C%3a%5cUsers%5cTodd%5cAppData%5cRoaming%5cKodi%5caddons%5cplugin.video.theroyalwe%5cicon.png/</thumb>
		<action>ActivateWindow(10025,"plugin://plugin.video.theroyalwe",return)</action>
	</shortcut>
	<shortcut>
		<defaultID>plugin.video.xmovies8</defaultID>
		<label>[COLOR darkorange]XMovies8[/COLOR]</label>
		<label2>Video Add-On</label2>
		<icon>DefaultShortcut.png</icon>
		<thumb>image://C%3a%5cUsers%5cTodd%5cAppData%5cRoaming%5cKodi%5caddons%5cplugin.video.xmovies8%5cicon.png/</thumb>
		<action>ActivateWindow(10025,"plugin://plugin.video.xmovies8",return)</action>
	</shortcut>
</shortcuts>
