<?xml version='1.0' encoding='UTF-8'?>
<shortcuts>
	<shortcut>
		<defaultID />
		<label>[COLOR darkorange]Movies[/COLOR]</label>
		<label2>Video Add-On</label2>
		<icon>special://skin/backgrounds/Movies.jpg</icon>
		<thumb>special://home/addons\plugin.video.salts\art\themes\Iconic\movies.png/</thumb>
		<action>ActivateWindow(10025,"plugin://plugin.video.salts/?section=Movies&amp;mode=browse",return)</action>
	</shortcut>
	<shortcut>
		<defaultID />
		<label>[COLOR darkorange]TV Shows[/COLOR]</label>
		<label2>Video Add-On</label2>
		<icon>special://skin/backgrounds/TVShows.jpg</icon>
		<thumb>special://home/addons\plugin.video.salts\art\themes\Iconic\television.png/</thumb>
		<action>ActivateWindow(10025,"plugin://plugin.video.salts/?section=TV&amp;mode=browse",return)</action>
	</shortcut>
</shortcuts>
