<?xml version='1.0' encoding='UTF-8'?>
<shortcuts>
	<shortcut>
		<defaultID>plugin.video.youtube/sign/in/</defaultID>
		<label>[COLOR darkorange][B]Sign In[/B][/COLOR]</label>
		<label2>Video Add-On</label2>
		<icon>DefaultShortcut.png</icon>
		<thumb>special://home/addons\plugin.video.youtube\resources\media\sign_in.png/</thumb>
		<action>ActivateWindow(10025,"plugin://plugin.video.youtube/sign/in/",return)</action>
	</shortcut>
	<shortcut>
		<defaultID />
		<label>[COLOR darkorange][COLOR white]Search Youtube[/COLOR][/COLOR]</label>
		<label2>Video Add-On</label2>
		<icon>DefaultShortcut.png</icon>
		<thumb>special://home/addons\plugin.video.youtubesearch%2fart%2fSearch.png/</thumb>
		<action>ActivateWindow(10025,"plugin://plugin.video.youtubesearch/?url=url&amp;mode=3&amp;name=%5BCOLOR+white%5DSearch+Youtube%5B%2FCOLOR%5D&amp;iconimage=C%3A\Users\Todd\AppData\Roaming\Kodi\addons\plugin.video.youtubesearch%2Fart%2FSearch.png&amp;fanart=none&amp;number=1",return)</action>
	</shortcut>
	<shortcut>
		<defaultID>plugin.video.youtube/special/popular_right_now/</defaultID>
		<label>[COLOR darkorange]Popular right now[/COLOR]</label>
		<label2>Video Add-On</label2>
		<icon>DefaultShortcut.png</icon>
		<thumb>special://home/addons\plugin.video.youtube\resources\media\popular.png/</thumb>
		<action>ActivateWindow(10025,"plugin://plugin.video.youtube/special/popular_right_now/",return)</action>
	</shortcut>
	<shortcut>
		<defaultID>plugin.video.youtube/special/browse_channels/</defaultID>
		<label>[COLOR darkorange]Browse Channels[/COLOR]</label>
		<label2>Video Add-On</label2>
		<icon>DefaultShortcut.png</icon>
		<thumb>special://home/addons\plugin.video.youtube\resources\media\browse_channels.png/</thumb>
		<action>ActivateWindow(10025,"plugin://plugin.video.youtube/special/browse_channels/",return)</action>
	</shortcut>
	<shortcut>
		<defaultID>plugin.video.youtube/special/live/</defaultID>
		<label>[COLOR darkorange]Live[/COLOR]</label>
		<label2>Video Add-On</label2>
		<icon>DefaultShortcut.png</icon>
		<thumb>special://home/addons\plugin.video.youtube\resources\media\live.png/</thumb>
		<action>ActivateWindow(10025,"plugin://plugin.video.youtube/special/live/",return)</action>
	</shortcut>
</shortcuts>
