<?xml version='1.0' encoding='UTF-8'?>
<shortcuts>
	<shortcut>
		<defaultID />
		<label>[COLOR darkorange]Movies[/COLOR]</label>
		<label2>Video Add-On</label2>
		<icon>special://skin/backgrounds/Movies.jpg</icon>
		<thumb>special://home/addons\plugin.video.genesis\icon.png/</thumb>
		<action>ActivateWindow(10025,"plugin://plugin.video.genesis/?action=movieNavigator",return)</action>
	</shortcut>
	<shortcut>
		<defaultID />
		<label>[COLOR darkorange]TV Shows[/COLOR]</label>
		<label2>Video Add-On</label2>
		<icon>special://skin/backgrounds/TVShows.jpg</icon>
		<thumb>special://home/addons\plugin.video.genesis\icon.png/</thumb>
		<action>ActivateWindow(10025,"plugin://plugin.video.genesis/?action=tvNavigator",return)</action>
	</shortcut>
	<shortcut>
		<defaultID />
		<label>[COLOR darkorange]My Genesis[/COLOR]</label>
		<label2>Video Add-On</label2>
		<icon>DefaultShortcut.png</icon>
		<thumb>special://home/addons/plugin.video.genesis/resources/media/embossed/mygenesis.jpg/</thumb>
		<action>ActivateWindow(10025,"plugin://plugin.video.genesis/?action=myNavigator",return)</action>
	</shortcut>
	<shortcut>
		<defaultID />
		<label>[COLOR darkorange]Search[/COLOR]</label>
		<label2>Video Add-On</label2>
		<icon>DefaultShortcut.png</icon>
		<thumb>special://home/addons\plugin.video.genesis\icon.png/</thumb>
		<action>ActivateWindow(10025,"plugin://plugin.video.genesis/?action=searchNavigator",return)</action>
	</shortcut>
</shortcuts>
