<?xml version='1.0' encoding='UTF-8'?>
<shortcuts>
	<shortcut>
		<defaultID>plugin.video.supercartoons</defaultID>
		<label>[COLOR darkorange]Super Cartoons[/COLOR]</label>
		<label2>Video Add-On</label2>
		<icon>DefaultShortcut.png</icon>
		<thumb>special://home/addons\plugin.video.supercartoons\icon.png/</thumb>
		<action>ActivateWindow(10025,"plugin://plugin.video.supercartoons",return)</action>
	</shortcut>
	<shortcut>
		<defaultID>plugin.video.toonmania</defaultID>
		<label>[COLOR darkorange]ToonMania[/COLOR]</label>
		<label2>Video Add-On</label2>
		<icon>DefaultShortcut.png</icon>
		<thumb>special://home/addons\addons\plugin.video.toonmania\icon.png/</thumb>
		<action>ActivateWindow(10025,"plugin://plugin.video.toonmania",return)</action>
	</shortcut>
	<shortcut>
		<defaultID>plugin.video.kmER</defaultID>
		<label>[COLOR darkorange]Kid's Movies[/COLOR]</label>
		<label2>Video Add-On</label2>
		<icon>DefaultShortcut.png</icon>
		<thumb>special://home/addons\plugin.video.kmER\icon.png/</thumb>
		<action>ActivateWindow(10025,"plugin://plugin.video.kmER",return)</action>
	</shortcut>
	<shortcut>
		<defaultID>plugin.video.kiddiecartoons</defaultID>
		<label>[COLOR darkorange]Kiddie Cartoons[/COLOR]</label>
		<label2>Video Add-On</label2>
		<icon>DefaultShortcut.png</icon>
		<thumb>special://home/addons\plugin.video.kiddiecartoons\icon.png/</thumb>
		<action>ActivateWindow(10025,"plugin://plugin.video.kiddiecartoons",return)</action>
	</shortcut>
	<shortcut>
		<defaultID>plugin.video.cartoons8</defaultID>
		<label>[COLOR darkorange]Cartoons8[/COLOR]</label>
		<label2>Video Add-On</label2>
		<icon>DefaultShortcut.png</icon>
		<thumb>special://home/addons\plugin.video.cartoons8\icon.png/</thumb>
		<action>ActivateWindow(10025,"plugin://plugin.video.cartoons8",return)</action>
	</shortcut>
	<shortcut>
		<defaultID>plugin.video.disneyjunior</defaultID>
		<label>[COLOR darkorange]Disney Junior[/COLOR]</label>
		<label2>Video Add-On</label2>
		<icon>DefaultShortcut.png</icon>
		<thumb>special://home/addons\plugin.video.disneyjunior\icon.png/</thumb>
		<action>ActivateWindow(10025,"plugin://plugin.video.disneyjunior",return)</action>
	</shortcut>
	<shortcut>
		<defaultID>plugin.video.funniermoments</defaultID>
		<label>[COLOR darkorange]Funnier Moments[/COLOR]</label>
		<label2>Video Add-On</label2>
		<icon>DefaultShortcut.png</icon>
		<thumb>special://home/addons\plugin.video.funniermoments\icon.png/</thumb>
		<action>ActivateWindow(10025,"plugin://plugin.video.funniermoments",return)</action>
	</shortcut>
</shortcuts>
