<?xml version='1.0' encoding='UTF-8'?>
<shortcuts>
	<shortcut>
		<defaultID />
		<label>[COLOR darkorange]All Movies[/COLOR]</label>
		<label2>Video Add-On</label2>
		<icon>special://skin/backgrounds/Movies.jpg</icon>
		<thumb>special://home/addons\plugin.video.mutttsnutz\icon.png/</thumb>
		<action>ActivateWindow(10025,"plugin://plugin.video.mutttsnutz/?url=http%3A%2F%2Fm.afdah.org&amp;mode=content&amp;name=Movies",return)</action>
	</shortcut>
	<shortcut>
		<defaultID />
		<label>[COLOR darkorange]Most Viewed[/COLOR]</label>
		<label2>Video Add-On</label2>
		<icon>DefaultShortcut.png</icon>
		<thumb>special://home/addons\plugin.video.mutttsnutz\icon.png/</thumb>
		<action>ActivateWindow(10025,"plugin://plugin.video.mutttsnutz/?url=http%3A%2F%2Fm.afdah.org%2Fmost_viewed&amp;mode=content&amp;name=Most+Viewed",return)</action>
	</shortcut>
	<shortcut>
		<defaultID />
		<label>[COLOR darkorange]Recent Movies[/COLOR]</label>
		<label2>Video Add-On</label2>
		<icon>DefaultShortcut.png</icon>
		<thumb>special://home/addons\plugin.video.mutttsnutz\icon.png/</thumb>
		<action>ActivateWindow(10025,"plugin://plugin.video.mutttsnutz/?url=http%3A%2F%2Fm.afdah.org%2Frecent_movies&amp;mode=content&amp;name=Recent+Movies",return)</action>
	</shortcut>
	<shortcut>
		<defaultID />
		<label>[COLOR darkorange]SEARCH[/COLOR]</label>
		<label2>Video Add-On</label2>
		<icon>DefaultShortcut.png</icon>
		<thumb>special://home/addons\plugin.video.mutttsnutz\icon.png/</thumb>
		<action>ActivateWindow(10025,"plugin://plugin.video.mutttsnutz/?url=http%3A%2F%2Fm.afdah.org&amp;mode=search&amp;name=%5BCOLOR+blue%5D%5BB%5DSEARCH%5B%2FB%5D%5B%2FCOLOR%5D",return)</action>
	</shortcut>
</shortcuts>
