<?xml version='1.0' encoding='UTF-8'?>
<shortcuts>
	<shortcut>
		<defaultID />
		<label>[COLOR darkorange]New Releases[/COLOR]</label>
		<label2>Video Add-On</label2>
		<icon>DefaultShortcut.png</icon>
		<thumb>special://home/addons\plugin.video.muchmovies.hd\resources%2fart%2fAdded.png/</thumb>
		<action>ActivateWindow(10025,"plugin://plugin.video.muchmovies.hd/?action=movies_added",return)</action>
	</shortcut>
	<shortcut>
		<defaultID />
		<label>[COLOR darkorange]Genres[/COLOR]</label>
		<label2>Video Add-On</label2>
		<icon>DefaultShortcut.png</icon>
		<thumb>special://home/addons\plugin.video.muchmovies.hd\resources%2fart%2fGenres.png/</thumb>
		<action>ActivateWindow(10025,"plugin://plugin.video.muchmovies.hd/?action=genres_movies",return)</action>
	</shortcut>
	<shortcut>
		<defaultID />
		<label>[COLOR darkorange]Favorites[/COLOR]</label>
		<label2>Video Add-On</label2>
		<icon>DefaultShortcut.png</icon>
		<thumb>image://C%3a%5cUsers%5cTodd%5cAppData%5cRoaming%5cKodi%5caddons%5cplugin.video.muchmovies.hd%5cresources%2fart%2fFavourites.png/</thumb>
		<action>ActivateWindow(10025,"plugin://plugin.video.muchmovies.hd/?action=movies_favourites",return)</action>
	</shortcut>
	<shortcut>
		<defaultID />
		<label>[COLOR darkorange]Search[/COLOR]</label>
		<label2>Video Add-On</label2>
		<icon>DefaultShortcut.png</icon>
		<thumb>special://home/addons\plugin.video.muchmovies.hd\resources%2fart%2fSearch.png/</thumb>
		<action>ActivateWindow(10025,"plugin://plugin.video.muchmovies.hd/?action=movies_search",return)</action>
	</shortcut>
</shortcuts>
