<?xml version='1.0' encoding='UTF-8'?>
<shortcuts>
	<shortcut>
		<defaultID />
		<label>[COLOR darkorange]Movies[/COLOR]</label>
		<label2>Video Add-On</label2>
		<icon>special://skin/backgrounds/Movies.jpg</icon>
		<thumb>special://home/addons\plugin.video.1channel\icon.png/</thumb>
		<action>ActivateWindow(10025,"plugin://plugin.video.1channel/?section=movie&amp;mode=BrowseListMenu",return)</action>
	</shortcut>
	<shortcut>
		<defaultID />
		<label>[COLOR darkorange]TV Shows[/COLOR]</label>
		<label2>Video Add-On</label2>
		<icon>special://skin/backgrounds/TVShows.jpg</icon>
		<thumb>special://home/addons\plugin.video.1channel\icon.png/</thumb>
		<action>ActivateWindow(10025,"plugin://plugin.video.1channel/?section=tv&amp;mode=BrowseListMenu",return)</action>
	</shortcut>
	<shortcut>
		<defaultID />
		<label>[COLOR darkorange]Playlists[/COLOR]</label>
		<label2>Video Add-On</label2>
		<icon>DefaultShortcut.png</icon>
		<thumb>image://C%3a%5cUsers%5cTodd%5cAppData%5cRoaming%5cKodi%5caddons%5cscript.1channel.themepak%5cart%5cthemes%5cClassic%5cplaylists.jpg/</thumb>
		<action>ActivateWindow(10025,"plugin://plugin.video.1channel/?section=playlist&amp;mode=playlists_menu",return)</action>
	</shortcut>
</shortcuts>
