<shortcuts>
	<shortcut>
		<defaultID>19019</defaultID>
		<label>[COLOR darkorange]Channels[/COLOR]</label>
		<label2>Radio</label2>
		<icon>DefaultAudio.png</icon>
		<thumb />
		<action>ActivateWindow(RadioChannels)</action>
	</shortcut>
	<shortcut>
		<defaultID>22020</defaultID>
		<label>[COLOR darkorange]Guide[/COLOR]</label>
		<label2>Radio</label2>
		<icon>DefaultAudio.png</icon>
		<thumb />
		<action>ActivateWindow(RadioGuide)</action>
	</shortcut>
	<shortcut>
		<defaultID>19163</defaultID>
		<label>[COLOR darkorange]Recordings[/COLOR]</label>
		<label2>Radio</label2>
		<icon>DefaultAudio.png</icon>
		<thumb />
		<action>ActivateWindow(RadioRecordings)</action>
	</shortcut>
	<shortcut>
		<defaultID>19040</defaultID>
		<label>[COLOR darkorange]Timers[/COLOR]</label>
		<label2>Radio</label2>
		<icon>DefaultAudio.png</icon>
		<thumb />
		<action>ActivateWindow(RadioTimers)</action>
	</shortcut>
	<shortcut>
		<defaultID>137</defaultID>
		<label>[COLOR darkorange]Search[/COLOR]</label>
		<label2>Radio</label2>
		<icon>DefaultAudio.png</icon>
		<thumb />
		<action>ActivateWindow(RadioSearch)</action>
	</shortcut>
</shortcuts>
