<?xml version='1.0' encoding='UTF-8'?>
<shortcuts>
	<shortcut>
		<defaultID>script.tvguidetecbox</defaultID>
		<label>[COLOR darkorange]iVue TV Guide (Main Guide)[/COLOR]</label>
		<label2>Program</label2>
		<icon>DefaultShortcut.png</icon>
		<thumb>special://home/addons\script.tvguidetecbox\icon.png/</thumb>
		<action>RunAddOn(script.tvguidetecbox)</action>
	</shortcut>
	<shortcut>
		<defaultID>script.tvguidetecboxmovie</defaultID>
		<label>[COLOR darkorange]iVue Movies[/COLOR]</label>
		<label2>Program</label2>
		<icon>DefaultShortcut.png</icon>
		<thumb>special://home/addons\script.tvguidetecboxmovie\icon.png/</thumb>
		<action>RunAddOn(script.tvguidetecboxmovie)</action>
	</shortcut>
	<shortcut>
		<defaultID>script.tvguidetecboxsport</defaultID>
		<label>[COLOR darkorange]iVue Sports[/COLOR]</label>
		<label2>Program</label2>
		<icon>DefaultShortcut.png</icon>
		<thumb>special://home/addons\script.tvguidetecboxsport\icon.png/</thumb>
		<action>RunAddOn(script.tvguidetecboxsport)</action>
	</shortcut>
	<shortcut>
		<defaultID>script.tvguidetecboxkids</defaultID>
		<label>[COLOR darkorange]iVue 4 Kids[/COLOR]</label>
		<label2>Program</label2>
		<icon>DefaultShortcut.png</icon>
		<thumb>special://home/addons\script.tvguidetecboxkids\icon.png/</thumb>
		<action>RunAddOn(script.tvguidetecboxkids)</action>
	</shortcut>
	<shortcut>
		<defaultID>script.tvguidetecboxnews</defaultID>
		<label>[COLOR darkorange]iVue News[/COLOR]</label>
		<label2>Program</label2>
		<icon>DefaultShortcut.png</icon>
		<thumb>special://home/addons\script.tvguidetecboxnews\icon.png/</thumb>
		<action>RunAddOn(script.tvguidetecboxnews)</action>
	</shortcut>
	<shortcut>
		<defaultID />
		<label>[COLOR darkorange]Cache Tools[/COLOR]</label>
		<label2>Program</label2>
		<icon>DefaultShortcut.png</icon>
		<thumb>special://home/addons\script.rawmaintenance\media\maintenance.png/</thumb>
		<action>ActivateWindow(10001,"plugin://script.rawmaintenance/?url=url&amp;mode=5&amp;name=Maintenance",return)</action>
	</shortcut>
</shortcuts>
