<?xml version='1.0' encoding='UTF-8'?>
<shortcuts>
	<shortcut>
		<defaultID>20077</defaultID>
		<label>[COLOR darkorange]Skin Settings[/COLOR]</label>
		<label2>Custom Shortcut</label2>
		<icon>DefaultShortcut.png</icon>
		<thumb />
		<action>Activatewindow(skinsettings)</action>
	</shortcut>
	<shortcut>
		<defaultID>7</defaultID>
		<label>[COLOR darkorange]File Manager[/COLOR]</label>
		<label2>Common Shortcut</label2>
		<icon>DefaultFolder.png</icon>
		<thumb />
		<action>ActivateWindow(FileManager)</action>
	</shortcut>
	<shortcut>
		<defaultID>1036</defaultID>
		<label>[COLOR darkorange]Favorites[/COLOR]</label>
		<label2>Common Shortcut</label2>
		<icon>special://skin/backgrounds/Favourites.jpg</icon>
		<thumb />
		<action>ActivateWindow(Favourites)</action>
	</shortcut>
	<shortcut>
		<defaultID>13200</defaultID>
		<label>[COLOR darkorange]Profiles[/COLOR]</label>
		<label2>Common Shortcut</label2>
		<icon>UnknownUser.png</icon>
		<thumb />
		<action>ActivateWindow(Profiles)</action>
	</shortcut>
	<shortcut>
		<defaultID>10007</defaultID>
		<label>[COLOR darkorange]System Info[/COLOR]</label>
		<label2>Common Shortcut</label2>
		<icon>DefaultShortcut.png</icon>
		<thumb />
		<action>ActivateWindow(SystemInfo)</action>
	</shortcut>
	<shortcut>
		<defaultID />
		<label>[COLOR darkorange]Maintenance[/COLOR]</label>
		<label2>Program</label2>
		<icon>DefaultShortcut.png</icon>
		<thumb>image://C%3a%5cUsers%5cTodd%5cAppData%5cRoaming%5cKodi%5caddons%5cscript.rawmaintenance%5cmedia%5cmaintenance.png/</thumb>
		<action>ActivateWindow(10001,"plugin://script.rawmaintenance/?url=url&amp;mode=5&amp;name=Maintenance",return)</action>
	</shortcut>
</shortcuts>
