<shortcuts>
	<shortcut>
		<defaultID>744</defaultID>
		<label>[COLOR darkorange]Files[/COLOR]</label>
		<label2>Videos</label2>
		<icon>DefaultFolder.png</icon>
		<thumb />
		<action>ActivateWindow(Videos,Files,return)</action>
	</shortcut>
	<shortcut>
		<defaultID>1037</defaultID>
		<label>[COLOR darkorange]Video Addons[/COLOR]</label>
		<label2>Videos</label2>
		<icon>DefaultAddonVideo.png</icon>
		<thumb />
		<action>ActivateWindow(Videos,Addons,return)</action>
	</shortcut>
	<shortcut>
		<defaultID>136</defaultID>
		<label>[COLOR darkorange]Playlists[/COLOR]</label>
		<label2>Videos</label2>
		<icon>DefaultShortcut.png</icon>
		<thumb />
		<action>ActivateWindow(Videos,Playlists,return)</action>
	</shortcut>
	<shortcut>
		<defaultID>musicvideos</defaultID>
		<label>[COLOR darkorange]Music Videos[/COLOR]</label>
		<label2>Common Shortcut</label2>
		<icon>DefaultMusicVideos.png</icon>
		<thumb />
		<action>ActivateWindow(MusicLibrary,MusicVideos,return)</action>
	</shortcut>
	<shortcut>
		<defaultID>32046</defaultID>
		<label>[COLOR darkorange]Update Library[/COLOR]</label>
		<label2>XBMC Command</label2>
		<icon>DefaultShortcut.png</icon>
		<thumb />
		<action>UpdateLibrary(video)</action>
	</shortcut>
	<shortcut>
		<defaultID>32055</defaultID>
		<label>[COLOR darkorange]Clean Library[/COLOR]</label>
		<label2>XBMC Command</label2>
		<icon>DefaultShortcut.png</icon>
		<thumb />
		<action>CleanLibrary(video)</action>
	</shortcut>
</shortcuts>
