<?xml version="1.0" encoding="UTF-8" standalone="yes"?>
<addon id="service.kingbuildupdate" name="King Build UPDATE Available: Update using KING BUILD WIZARD" version="1.5" provider-name="The King">
  <requires>
    <import addon="xbmc.python" version="2.1.0"/>
  </requires>
  <extension point="xbmc.service" library="service.py" start="startup" />
  <extension point="xbmc.addon.metadata">
    <summary lang="en">King Build UPDATE</summary>
    <description lang="en">King Build UPDATE</description>
    <platform>all</platform>
  </extension>
</addon>
