<?xml version="1.0" encoding="UTF-8" standalone="yes"?>
<addon id="service.kingbuildupdate" name="[COLOR darkorange]King Build UPDATE Service[/COLOR]" version="2.3" provider-name="Team DNA">
  <requires>
    <import addon="xbmc.python" version="2.1.0"/>
  </requires>
  <extension point="xbmc.service" library="service.py" start="startup" />
  <extension point="xbmc.addon.metadata">
    <summary lang="en">King Build UPDATE for Nebula King</summary>
    <description lang="en">King Build UPDATE Service for Nebula King</description>
    <platform>all</platform>
  </extension>
</addon>
