<?xml version="1.0" encoding="UTF-8" standalone="yes"?>
<addon id="repository.dnarepo" name="dna Repository" version="0.1" provider-name="dna">
	<extension point="xbmc.addon.repository" name="dna Repository">
		<info compressed="false">https://raw.githubusercontent.com/macblizzard/dnarepo/master/addons.xml</info>
		<checksum>https://raw.githubusercontent.com/macblizzard/dnarepo/master/addons.xml.md5</checksum>
		<datadir zip="true">https://raw.githubusercontent.com/macblizzard/dnarepo/master/zips</datadir>
	</extension>
	<extension point="xbmc.addon.metadata">
		<summary>dna Repository</summary>
		<description>Download and install add-ons from dna repository.</description>
		<platform>all</platform>
	</extension>
</addon>

