<?xml version="1.0" encoding="UTF-8" standalone="yes"?>
<addon id="service.kingbuildupdate" name="[COLOR darkorange]King Build UPDATE Service[/COLOR]" version="2.0" provider-name="dna">
  <requires>
    <import addon="xbmc.python" version="2.1.0"/>
  </requires>
  <extension point="xbmc.service" library="service.py" start="startup" />
  <extension point="xbmc.addon.metadata">
    <summary lang="en">King Build UPDATE</summary>
    <description lang="en">King Build UPDATE Service</description>
    <platform>all</platform>
  </extension>
</addon>
