<?xml version="1.0" encoding="utf-8"?>
<advancedsettings>
	<videolibrary>
		<importwatchedstate>true</importwatchedstate>
		<importresumepoint>true</importresumepoint>
		<cleanonupdate>true</cleanonupdate>
		<recentlyaddeditems>75</recentlyaddeditems>
		<dateadded>0</dateadded>
	</videolibrary>
	<network>
		<cachemembuffersize>104857600</cachemembuffersize>
		<curlclienttimeout>20</curlclienttimeout>
		<curllowspeedtime>30</curllowspeedtime>
		<readbufferfactor>4.5</readbufferfactor>
		<buffermode>1</buffermode>
	</network>
	<video>
		<timeseekforward>30</timeseekforward>
		<timeseekbackward>-30</timeseekbackward>
		<timeseekforwardbig>600</timeseekforwardbig>
		<timeseekbackwardbig>-600</timeseekbackwardbig>
		<fullscreenonmoviestart>true</fullscreenonmoviestart>
		<playcountminimumpercent>90</playcountminimumpercent>
		<stereoscopicregex3d>[-. _]3DBD[-. _]</stereoscopicregex3d>
		<stereoscopicregexsbs>[-. _]HSBS[-. _]</stereoscopicregexsbs>
		<stereoscopicregextab>[-. _]HOU[-. _]</stereoscopicregextab>
	</video>
	<pvr>
		<minvideocachelevel>60</minvideocachelevel>
	</pvr>
</advancedsettings>