<settings>
    <accessibility>
        <audiohearing default="true">false</audiohearing>
        <audiovisual default="true">false</audiovisual>
        <subhearing default="true">false</subhearing>
    </accessibility>
    <audiocds>
        <autoaction default="true">0</autoaction>
        <ejectonrip default="true">true</ejectonrip>
        <encoder>3</encoder>
        <recordingpath default="true"></recordingpath>
        <trackpathformat default="true">%A/%A - %B/[%N. ][%A - ]%T</trackpathformat>
        <usecddb default="true">true</usecddb>
    </audiocds>
    <audiooutput>
        <ac3passthrough default="true">true</ac3passthrough>
        <ac3transcode default="true">false</ac3transcode>
        <audiodevice default="true">DIRECTSOUND:default</audiodevice>
        <channels default="true">1</channels>
        <config default="true">2</config>
        <dtshdpassthrough>true</dtshdpassthrough>
        <dtspassthrough>true</dtspassthrough>
        <eac3passthrough>true</eac3passthrough>
        <guisoundmode default="true">1</guisoundmode>
        <maintainoriginalvolume default="true">true</maintainoriginalvolume>
        <passthrough default="true">false</passthrough>
        <passthroughdevice>WASAPI:{6BB6658F-726B-4640-8BE9-1BB5A6CF4F2F}</passthroughdevice>
        <processquality default="true">30</processquality>
        <samplerate default="true">48000</samplerate>
        <stereoupmix>true</stereoupmix>
        <streamsilence default="true">1</streamsilence>
        <truehdpassthrough>true</truehdpassthrough>
    </audiooutput>
    <cache>
        <harddisk default="true">256</harddisk>
    </cache>
    <cacheaudio>
        <dvdrom default="true">256</dvdrom>
        <internet default="true">256</internet>
        <lan default="true">256</lan>
    </cacheaudio>
    <cachedvd>
        <dvdrom default="true">2048</dvdrom>
        <lan default="true">2048</lan>
    </cachedvd>
    <cacheunknown>
        <internet default="true">4096</internet>
    </cacheunknown>
    <cachevideo>
        <dvdrom default="true">2048</dvdrom>
        <internet default="true">4096</internet>
        <lan default="true">2048</lan>
    </cachevideo>
    <debug>
        <extralogging default="true">true</extralogging>
        <screenshotpath>D:\Kodi Builds\</screenshotpath>
        <setextraloglevel default="true">32768</setextraloglevel>
        <showloginfo default="true">false</showloginfo>
    </debug>
    <disc>
        <playback default="true">0</playback>
    </disc>
    <dvds>
        <automenu>true</automenu>
        <autorun>true</autorun>
        <playerregion default="true">0</playerregion>
    </dvds>
    <epg>
        <daystodisplay>14</daystodisplay>
        <epgupdate default="true">120</epgupdate>
        <hidenoinfoavailable default="true">true</hidenoinfoavailable>
        <ignoredbforclient default="true">false</ignoredbforclient>
        <preventupdateswhileplayingtv>true</preventupdateswhileplayingtv>
        <selectaction>1</selectaction>
    </epg>
    <filelists>
        <allowfiledeletion>true</allowfiledeletion>
        <ignorethewhensorting default="true">true</ignorethewhensorting>
        <showaddsourcebuttons default="true">true</showaddsourcebuttons>
        <showextensions default="true">true</showextensions>
        <showhidden>true</showhidden>
        <showparentdiritems default="true">true</showparentdiritems>
    </filelists>
    <general>
        <addonbrokenfilter default="true">true</addonbrokenfilter>
        <addonforeignfilter>true</addonforeignfilter>
        <addonnotifications default="true">true</addonnotifications>
        <addonupdates default="true">0</addonupdates>
        <systemtotaluptime>142136</systemtotaluptime>
        <settinglevel>3</settinglevel>
    </general>
    <input>
        <enablejoystick default="true">true</enablejoystick>
        <enablemouse default="true">true</enablemouse>
    </input>
    <karaoke>
        <autopopupselector>true</autopopupselector>
        <charset default="true">DEFAULT</charset>
        <enabled>true</enabled>
        <font default="true">arial.ttf</font>
        <fontcolors default="true">0</fontcolors>
        <fontheight default="true">36</fontheight>
    </karaoke>
    <locale>
        <audiolanguage>default</audiolanguage>
        <charset default="true">DEFAULT</charset>
        <country default="true">USA (12h)</country>
        <keyboardlayouts default="true">English QWERTY</keyboardlayouts>
        <language default="true">resource.language.en_gb</language>
        <longdateformat default="true">regional</longdateformat>
        <shortdateformat default="true">regional</shortdateformat>
        <speedunit default="true">regional</speedunit>
        <subtitlelanguage default="true">original</subtitlelanguage>
        <temperatureunit default="true">regional</temperatureunit>
        <timeformat default="true">regional</timeformat>
        <timezone default="true">default</timezone>
        <timezonecountry default="true">default</timezonecountry>
        <use24hourclock default="true">regional</use24hourclock>
    </locale>
    <lookandfeel>
        <enablerssfeeds default="true">true</enablerssfeeds>
        <font>Arial</font>
        <rssedit default="true"></rssedit>
        <skin>skin.nebula</skin>
        <skincolors default="true">SKINDEFAULT</skincolors>
        <skintheme default="true">SKINDEFAULT</skintheme>
        <skinzoom default="true">0</skinzoom>
        <soundskin>resource.uisounds.nebula</soundskin>
        <startupwindow default="true">10000</startupwindow>
    </lookandfeel>
    <masterlock>
        <maxretries default="true">3</maxretries>
        <startuplock default="true">false</startuplock>
    </masterlock>
    <musicfiles>
        <findremotethumbs default="true">true</findremotethumbs>
        <librarytrackformat default="true"></librarytrackformat>
        <librarytrackformatright default="true"></librarytrackformatright>
        <nowplayingtrackformat default="true"></nowplayingtrackformat>
        <nowplayingtrackformatright default="true"></nowplayingtrackformatright>
        <trackformat default="true">[%N. ]%A - %T</trackformat>
        <trackformatright default="true">%D</trackformatright>
        <usetags default="true">true</usetags>
    </musicfiles>
    <musiclibrary>
        <albumsscraper default="true">metadata.album.universal</albumsscraper>
        <artistsscraper>metadata.artists.yoyo.pl</artistsscraper>
        <backgroundupdate default="true">false</backgroundupdate>
        <downloadinfo>true</downloadinfo>
        <overridetags>true</overridetags>
        <showallitems default="true">true</showallitems>
        <showcompilationartists default="true">true</showcompilationartists>
        <updateonstartup default="true">false</updateonstartup>
    </musiclibrary>
    <musicplayer>
        <autoplaynextitem default="true">true</autoplaynextitem>
        <crossfade default="true">0</crossfade>
        <crossfadealbumtracks default="true">true</crossfadealbumtracks>
        <queuebydefault>true</queuebydefault>
        <replaygainavoidclipping default="true">false</replaygainavoidclipping>
        <replaygainnogainpreamp default="true">89</replaygainnogainpreamp>
        <replaygainpreamp default="true">89</replaygainpreamp>
        <replaygaintype default="true">1</replaygaintype>
        <seekdelay default="true">750</seekdelay>
        <seeksteps default="true">-60,-30,-10,10,30,60</seeksteps>
        <visualisation default="true">visualization.milkdrop</visualisation>
    </musicplayer>
    <mymusic>
        <defaultlibview default="true"></defaultlibview>
        <songthumbinvis default="true">false</songthumbinvis>
        <startwindow default="true">10501</startwindow>
        <playlist>
            <repeat>false</repeat>
            <shuffle>true</shuffle>
        </playlist>
        <needsupdate>0</needsupdate>
    </mymusic>
    <myvideos>
        <extractchapterthumbs default="true">true</extractchapterthumbs>
        <extractflags default="true">true</extractflags>
        <extractthumb default="true">true</extractthumb>
        <flatten>true</flatten>
        <replacelabels default="true">true</replacelabels>
        <selectaction>0</selectaction>
        <stackvideos>true</stackvideos>
        <watchmodemovies>0</watchmodemovies>
        <watchmodetvshows>0</watchmodetvshows>
        <watchmodemusicvideos>0</watchmodemusicvideos>
        <playlist>
            <repeat>false</repeat>
            <shuffle>false</shuffle>
        </playlist>
        <needsupdate>0</needsupdate>
    </myvideos>
    <network>
        <bandwidth default="true">0</bandwidth>
        <httpproxypassword default="true"></httpproxypassword>
        <httpproxyport>3128</httpproxyport>
        <httpproxyserver>78.157.209.36</httpproxyserver>
        <httpproxytype default="true">0</httpproxytype>
        <httpproxyusername default="true"></httpproxyusername>
        <usehttpproxy default="true">false</usehttpproxy>
    </network>
    <pictures>
        <displayresolution>16</displayresolution>
        <generatethumbs default="true">true</generatethumbs>
        <showvideos default="true">true</showvideos>
        <useexifrotation default="true">true</useexifrotation>
        <usetags default="true">true</usetags>
    </pictures>
    <powermanagement>
        <displaysoff default="true">0</displaysoff>
        <shutdownstate default="true">0</shutdownstate>
        <shutdowntime default="true">0</shutdowntime>
        <wakeonaccess default="true">false</wakeonaccess>
    </powermanagement>
    <pvrmanager>
        <backendchannelorder default="true">true</backendchannelorder>
        <enabled>true</enabled>
        <hideconnectionlostwarning default="true">false</hideconnectionlostwarning>
        <syncchannelgroups default="true">true</syncchannelgroups>
        <usebackendchannelnumbers>true</usebackendchannelnumbers>
    </pvrmanager>
    <pvrmenu>
        <closechannelosdonswitch>false</closechannelosdonswitch>
        <displaychannelinfo>1</displaychannelinfo>
        <iconpath>D:\SHARE\EPG Icons\</iconpath>
    </pvrmenu>
    <pvrparental>
        <duration default="true">300</duration>
        <enabled default="true">false</enabled>
        <pin default="true"></pin>
    </pvrparental>
    <pvrplayback>
        <channelentrytimeout>1000</channelentrytimeout>
        <confirmchannelswitch default="true">false</confirmchannelswitch>
        <fps default="true">0</fps>
        <playminimized>false</playminimized>
        <scantime>20</scantime>
        <signalquality default="true">true</signalquality>
        <startlast default="true">0</startlast>
    </pvrplayback>
    <pvrpowermanagement>
        <backendidletime default="true">15</backendidletime>
        <dailywakeup default="true">false</dailywakeup>
        <dailywakeuptime default="true">00:00:00</dailywakeuptime>
        <enabled default="true">false</enabled>
        <prewakeup default="true">15</prewakeup>
        <setwakeupcmd default="true"></setwakeupcmd>
    </pvrpowermanagement>
    <pvrrecord>
        <defaultlifetime default="true">99</defaultlifetime>
        <defaultpriority default="true">50</defaultpriority>
        <instantrecordtime default="true">120</instantrecordtime>
        <marginend default="true">0</marginend>
        <marginstart default="true">0</marginstart>
        <timernotifications default="true">true</timernotifications>
    </pvrrecord>
    <scrapers>
        <moviesdefault default="true">metadata.themoviedb.org</moviesdefault>
        <musicvideosdefault default="true">metadata.musicvideos.theaudiodb.com</musicvideosdefault>
        <tvshowsdefault default="true">metadata.tvdb.com</tvshowsdefault>
    </scrapers>
    <screensaver>
        <mode default="true">screensaver.xbmc.builtin.dim</mode>
        <time>10</time>
        <usedimonpause default="true">true</usedimonpause>
        <usemusicvisinstead default="true">true</usemusicvisinstead>
    </screensaver>
    <services>
        <airplay default="true">false</airplay>
        <airplayios8compat>false</airplayios8compat>
        <airplaypassword default="true"></airplaypassword>
        <airplayvolumecontrol default="true">true</airplayvolumecontrol>
        <devicename>XBMC</devicename>
        <esallinterfaces>true</esallinterfaces>
        <escontinuousdelay default="true">25</escontinuousdelay>
        <esenabled default="true">true</esenabled>
        <esinitialdelay default="true">750</esinitialdelay>
        <esmaxclients default="true">20</esmaxclients>
        <esport default="true">9777</esport>
        <esportrange default="true">10</esportrange>
        <upnpannounce default="true">true</upnpannounce>
        <upnpcontroller>true</upnpcontroller>
        <upnplookforexternalsubtitles default="true">false</upnplookforexternalsubtitles>
        <upnprenderer>true</upnprenderer>
        <upnpserver>true</upnpserver>
        <useairplaypassword default="true">false</useairplaypassword>
        <webserver default="true">false</webserver>
        <webserverpassword default="true"></webserverpassword>
        <webserverport default="true">80</webserverport>
        <webserverusername>xbmc</webserverusername>
        <webskin default="true">webinterface.default</webskin>
        <zeroconf default="true">false</zeroconf>
    </services>
    <slideshow>
        <displayeffects default="true">true</displayeffects>
        <shuffle default="true">false</shuffle>
        <staytime default="true">5</staytime>
    </slideshow>
    <smb>
        <winsserver default="true">0.0.0.0</winsserver>
        <workgroup default="true">WORKGROUP</workgroup>
    </smb>
    <subtitles>
        <align default="true">0</align>
        <charset default="true">DEFAULT</charset>
        <color default="true">1</color>
        <custompath default="true"></custompath>
        <downloadfirst default="true">false</downloadfirst>
        <font default="true">arial.ttf</font>
        <height default="true">28</height>
        <languages default="true">English</languages>
        <movie default="true"></movie>
        <overrideassfonts default="true">false</overrideassfonts>
        <parsecaptions default="true">false</parsecaptions>
        <pauseonsearch default="true">true</pauseonsearch>
        <stereoscopicdepth default="true">0</stereoscopicdepth>
        <storagemode default="true">0</storagemode>
        <style default="true">1</style>
        <tv default="true"></tv>
    </subtitles>
    <system>
        <playlistspath>special://profile/playlists/</playlistspath>
    </system>
    <videolibrary>
        <actorthumbs default="true">true</actorthumbs>
        <backgroundupdate default="true">false</backgroundupdate>
        <flattentvshows default="true">1</flattentvshows>
        <groupmoviesets>true</groupmoviesets>
        <showallitems default="true">true</showallitems>
        <showunwatchedplots default="true">true</showunwatchedplots>
        <tvshowsincludeallseasonsandspecials default="true">0</tvshowsincludeallseasonsandspecials>
        <tvshowsselectfirstunwatcheditem default="true">0</tvshowsselectfirstunwatcheditem>
        <updateonstartup default="true">false</updateonstartup>
    </videolibrary>
    <videoplayer>
        <adjustrefreshrate default="true">0</adjustrefreshrate>
        <autoplaynextitem default="true">false</autoplaynextitem>
        <errorinaspect default="true">0</errorinaspect>
        <hqscalers default="true">0</hqscalers>
        <pauseafterrefreshchange default="true">0</pauseafterrefreshchange>
        <preferdefaultflag default="true">true</preferdefaultflag>
        <prefervaapirender default="true">true</prefervaapirender>
        <quitstereomodeonstop default="true">true</quitstereomodeonstop>
        <rendermethod default="true">0</rendermethod>
        <seekdelay default="true">750</seekdelay>
        <seeksteps default="true">-600,-300,-180,-60,-30,-10,10,30,60,180,300,600</seeksteps>
        <stereoscopicplaybackmode default="true">0</stereoscopicplaybackmode>
        <stretch43>4</stretch43>
        <teletextenabled>false</teletextenabled>
        <teletextscale default="true">true</teletextscale>
        <useamcodec default="true">true</useamcodec>
        <usedisplayasclock default="true">false</usedisplayasclock>
        <usedxva2 default="true">true</usedxva2>
        <useomx default="true">true</useomx>
        <useomxplayer default="true">true</useomxplayer>
        <usevaapi default="true">true</usevaapi>
        <usevaapimpeg2 default="true">true</usevaapimpeg2>
        <usevaapimpeg4 default="true">true</usevaapimpeg4>
        <usevaapivc1 default="true">true</usevaapivc1>
        <usevda default="true">true</usevda>
        <usevdpau default="true">true</usevdpau>
        <usevdpaumixer default="true">true</usevdpaumixer>
        <usevdpaumpeg2 default="true">true</usevdpaumpeg2>
        <usevdpaumpeg4 default="true">false</usevdpaumpeg4>
        <usevdpauvc1 default="true">true</usevdpauvc1>
        <usevideotoolbox default="true">true</usevideotoolbox>
    </videoplayer>
    <videoscreen>
        <blankdisplays default="true">false</blankdisplays>
        <fakefullscreen default="true">true</fakefullscreen>
        <limitedrange default="true">false</limitedrange>
        <monitor default="true">Default</monitor>
        <preferedstereoscopicmode default="true">100</preferedstereoscopicmode>
        <resolution>15</resolution>
        <screen>-1</screen>
        <screenmode>WINDOW</screenmode>
        <stereoscopicmode default="true">0</stereoscopicmode>
        <vsync default="true">2</vsync>
    </videoscreen>
    <weather>
        <addon>weather.openweathermap.extended</addon>
        <currentlocation default="true">1</currentlocation>
    </weather>
    <window>
        <height>946</height>
        <width>1668</width>
    </window>
    <resolutions />
    <defaultvideosettings>
        <deinterlacemode>1</deinterlacemode>
        <interlacemethod>7</interlacemethod>
        <scalingmethod>13</scalingmethod>
        <noisereduction>0.000000</noisereduction>
        <postprocess>false</postprocess>
        <sharpness>0.000000</sharpness>
        <viewmode>4</viewmode>
        <zoomamount>1.000000</zoomamount>
        <pixelratio>0.900352</pixelratio>
        <verticalshift>0.000000</verticalshift>
        <volumeamplification>0.000000</volumeamplification>
        <outputtoallspeakers>false</outputtoallspeakers>
        <showsubtitles>false</showsubtitles>
        <brightness>50.000000</brightness>
        <contrast>50.000000</contrast>
        <gamma>20.000000</gamma>
        <audiodelay>-0.100000</audiodelay>
        <subtitledelay>0.000000</subtitledelay>
        <nonlinstretch>false</nonlinstretch>
        <stereomode>0</stereomode>
    </defaultvideosettings>
    <skinsettings>
        <setting type="bool" name="skin.nebula.Theme.Color.Auto">false</setting>
        <setting type="bool" name="skin.nebula.OSDShowInfoPaused">false</setting>
        <setting type="bool" name="skin.nebula.EnableClearArt">true</setting>
        <setting type="bool" name="skin.nebula.EnableClearLogo">true</setting>
        <setting type="bool" name="skin.nebula.EnableCdArt">false</setting>
        <setting type="bool" name="skin.nebula.Home_DefaultBG">false</setting>
        <setting type="bool" name="skin.nebula.Videos.Background.EnableRandomFanart">false</setting>
        <setting type="bool" name="skin.nebula.Movies.Background.EnableRandomFanart">false</setting>
        <setting type="bool" name="skin.nebula.TVShows.Background.EnableRandomFanart">false</setting>
        <setting type="bool" name="skin.nebula.Music.Background.EnableRandomFanart">false</setting>
        <setting type="bool" name="skin.nebula.OverlayTransparency90">false</setting>
        <setting type="bool" name="skin.nebula.OverlayTransparency80">false</setting>
        <setting type="bool" name="skin.nebula.OverlayTransparency70">false</setting>
        <setting type="bool" name="skin.nebula.OverlayTransparency60">false</setting>
        <setting type="bool" name="skin.nebula.OverlayTransparency50">true</setting>
        <setting type="bool" name="skin.nebula.DisableOverlayMusicPlaying">false</setting>
        <setting type="bool" name="skin.nebula.Hide.Favourites">false</setting>
        <setting type="bool" name="skin.nebula.Shelf.Addons">false</setting>
        <setting type="bool" name="skin.nebula.Hide.RecentlyAdded">false</setting>
        <setting type="bool" name="skin.nebula.VerticalHome">false</setting>
        <setting type="bool" name="skin.nebula.Fixed_HomeMenu">false</setting>
        <setting type="bool" name="skin.nebula.SkinShortcuts-FullMenu">true</setting>
        <setting type="bool" name="skin.nebula.skinshortcuts-background-Pictures.Art">true</setting>
        <setting type="bool" name="skin.nebula.skinshortcuts-widget-Addon">true</setting>
        <setting type="bool" name="skin.nebula.skinshortcuts-background-Addons.Art">true</setting>
        <setting type="bool" name="skin.nebula.skinshortcuts-background-Videos.Art">true</setting>
        <setting type="bool" name="skin.nebula.skinshortcuts-widget-Movie">true</setting>
        <setting type="bool" name="skin.nebula.skinshortcuts-background-Movies.Art">true</setting>
        <setting type="bool" name="skin.nebula.skinshortcuts-widget-Episode">true</setting>
        <setting type="bool" name="skin.nebula.skinshortcuts-background-TVShows.Art">true</setting>
        <setting type="bool" name="skin.nebula.skinshortcuts-widget-Music">true</setting>
        <setting type="bool" name="skin.nebula.skinshortcuts-background-Music.Art">true</setting>
        <setting type="bool" name="skin.nebula.skinshortcuts-widget-Clip">true</setting>
        <setting type="bool" name="skin.nebula.skinshortcuts-background-Clips.Art">true</setting>
        <setting type="bool" name="skin.nebula.skinshortcuts-widget-Concert">true</setting>
        <setting type="bool" name="skin.nebula.skinshortcuts-background-Concerts.Art">true</setting>
        <setting type="bool" name="skin.nebula.skinshortcuts-background-Tv.Art">true</setting>
        <setting type="bool" name="skin.nebula.skinshortcuts-background-Radio.Art">true</setting>
        <setting type="bool" name="skin.nebula.skinshortcuts-widget-Favourite">true</setting>
        <setting type="bool" name="skin.nebula.skinshortcuts-background-Favourites.Art">true</setting>
        <setting type="bool" name="skin.nebula.skinshortcuts-background-DVD.Art">true</setting>
        <setting type="bool" name="skin.nebula.skinshortcuts-background-Weather.Art">true</setting>
        <setting type="bool" name="skin.nebula.skinshortcuts-background-Settings.Art">true</setting>
        <setting type="bool" name="skin.nebula.skinshortcuts-background-Search.Art">true</setting>
        <setting type="bool" name="skin.nebula.skinshortcuts-background-Quit.Art">true</setting>
        <setting type="bool" name="skin.nebula.DefaultView50">false</setting>
        <setting type="bool" name="skin.nebula.DefaultView51">false</setting>
        <setting type="bool" name="skin.nebula.DefaultView52">true</setting>
        <setting type="bool" name="skin.nebula.rssTicker">true</setting>
        <setting type="bool" name="skin.nebula.Hide_Watched_Marks">false</setting>
        <setting type="bool" name="skin.nebula.Hide_Unwatched_Marks">false</setting>
        <setting type="bool" name="skin.nebula.53_UseBanners">false</setting>
        <setting type="bool" name="skin.nebula.53_BigGrid">false</setting>
        <setting type="bool" name="skin.nebula.DisableIconViewInfos">false</setting>
        <setting type="bool" name="skin.nebula.EnableKioskMode">false</setting>
        <setting type="bool" name="skin.nebula.ScrollOffsetLabelEnabled">true</setting>
        <setting type="bool" name="skin.nebula.PVRChannelListBig">false</setting>
        <setting type="bool" name="skin.nebula.Use_Artist_Slideshow">false</setting>
        <setting type="bool" name="skin.nebula.Use.FastStart">true</setting>
        <setting type="bool" name="skin.nebula.startup-playlist">false</setting>
        <setting type="bool" name="skin.nebula.Movies.Hide">false</setting>
        <setting type="bool" name="skin.nebula.TVShows.Hide">false</setting>
        <setting type="bool" name="skin.nebula.Music.Hide">false</setting>
        <setting type="bool" name="skin.nebula.Clips.Show">false</setting>
        <setting type="bool" name="skin.nebula.Concerts.Show">false</setting>
        <setting type="bool" name="skin.nebula.Pictures.Hide">false</setting>
        <setting type="bool" name="skin.nebula.Favourites.Hide">false</setting>
        <setting type="bool" name="skin.nebula.Addons.Hide">false</setting>
        <setting type="bool" name="skin.nebula.DVD.Hide">false</setting>
        <setting type="bool" name="skin.nebula.Quit.Hide">false</setting>
        <setting type="bool" name="skin.nebula.Tv.Hide">false</setting>
        <setting type="bool" name="skin.nebula.Radio.Hide">false</setting>
        <setting type="bool" name="skin.nebula.QuitMenu_Hide_Quit">false</setting>
        <setting type="bool" name="skin.nebula.QuitMenu_Hide_Sleep">false</setting>
        <setting type="bool" name="skin.nebula.QuitMenu_Hide_Shutdown">false</setting>
        <setting type="bool" name="skin.nebula.QuitMenu_Hide_Reboot">false</setting>
        <setting type="bool" name="skin.nebula.QuitMenu_Hide_Timer">false</setting>
        <setting type="bool" name="skin.nebula.SmartShortcuts.emby">false</setting>
        <setting type="bool" name="skin.nebula.SmartShortcuts.playlists">false</setting>
        <setting type="bool" name="skin.nebula.SmartShortcuts.favorites">false</setting>
        <setting type="bool" name="skin.nebula.SmartShortcuts.plex">false</setting>
        <setting type="bool" name="skin.nebula.SmartShortcuts.netflix">false</setting>
        <setting type="bool" name="skin.nebula.EnableNextAiredNotifications">false</setting>
        <setting type="bool" name="skin.nebula.DisableAllWidgets">false</setting>
        <setting type="bool" name="skin.nebula.52_ShowPlot">true</setting>
        <setting type="bool" name="skin.nebula.AutoFocusUnwatchedEpisode">false</setting>
        <setting type="bool" name="skin.nebula.enable.smartish.widgets">false</setting>
        <setting type="bool" name="skin.nebula.skinshortcuts-background-special://home/userdata\Backgrounds\ISTREAM\ISTREAM 2.jpg">true</setting>
        <setting type="bool" name="skin.nebula.skinshortcuts-background-special://home/addons\script.tvguidetecbox\fanart.jpg">true</setting>
        <setting type="bool" name="skin.nebula.skinshortcuts-background-special://home/userdata\Backgrounds\Hackermil\Hackermil.jpg">true</setting>
        <setting type="bool" name="skin.nebula.skinshortcuts-background-special://home/userdata\Backgrounds\Movies\theater 3.jpg">true</setting>
        <setting type="bool" name="skin.nebula.skinshortcuts-background-special://skin/backgrounds/Search.jpg">true</setting>
        <setting type="bool" name="skin.nebula.skinshortcuts-background-special://home/addons\script.renegadestv\icon.png">true</setting>
        <setting type="bool" name="skin.nebula.skinshortcuts-background-special://home/addons\plugin.video.youtube\fanart.jpg">true</setting>
        <setting type="bool" name="skin.nebula.skinshortcuts-background-special://home/addons\plugin.video.genesis\fanart.jpg">true</setting>
        <setting type="bool" name="skin.nebula.SkinHelper.EnableExtraFanart">false</setting>
        <setting type="bool" name="skin.nebula.skinshortcuts-background-special://home/addons\plugin.video.myvevo\fanart.jpg">true</setting>
        <setting type="bool" name="skin.nebula.AnimeWindowXMLDialogClose">false</setting>
        <setting type="bool" name="skin.nebula.skinshortcuts-background-special://home/addons\plugin.video.myvevo\fanart.jpg">true</setting>
        <setting type="bool" name="skin.nebula.skinshortcuts-background-special://home/addons\plugin.video.genesis\fanart.jpg">true</setting>
        <setting type="bool" name="skin.nebula.skinshortcuts-background-special://home/addons\script.tvguidetecbox\fanart.jpg">true</setting>
        <setting type="bool" name="skin.nebula.skinshortcuts-background-special://home/addons\script.renegadestv\icon.png">true</setting>
        <setting type="bool" name="skin.nebula.skinshortcuts-background-special://home/addons\plugin.video.youtube\fanart.jpg">true</setting>
        <setting type="bool" name="skin.nebula.skinshortcuts-background-movieFanart">true</setting>
        <setting type="bool" name="skin.nebula.skinshortcuts-background-tvshowFanart">true</setting>
        <setting type="bool" name="skin.nebula.skinshortcuts-background-special://home/addons\plugin.video.salts\fanart.jpg">true</setting>
        <setting type="bool" name="skin.nebula.SkinHelper.EnablePVRThumbs">false</setting>
        <setting type="bool" name="skin.nebula.skinshortcuts-background-special://home/addons\plugin.video.youtube\fanart.jpg">true</setting>
        <setting type="bool" name="skin.nebula.skinshortcuts-background-special://home/addons\plugin.video.myvevo\fanart.jpg">true</setting>
        <setting type="bool" name="skin.nebula.skinshortcuts-background-special://home/addons\script.tvguidetecbox\fanart.jpg">true</setting>
        <setting type="bool" name="skin.nebula.skinshortcuts-background-special://home/addons\script.renegadestv\icon.png">true</setting>
        <setting type="bool" name="skin.nebula.skinshortcuts-background-special://home/addons\plugin.video.genesis\fanart.jpg">true</setting>
        <setting type="bool" name="skin.nebula.skinshortcuts-background-special://home/addons\plugin.video.salts\fanart.jpg">true</setting>
        <setting type="bool" name="skin.nebula.skinshortcuts-background-special://home/addons\plugin.video.muchmovies.hd\fanart.jpg">true</setting>
        <setting type="bool" name="skin.nebula.skinshortcuts-background-special://home/addons\plugin.video.mutttsnutz\fanart.jpg">true</setting>
        <setting type="bool" name="skin.nebula.skinshortcuts-background-special://home/addons\plugin.video.funniermoments\fanart.jpg">true</setting>
        <setting type="bool" name="skin.nebula.skinshortcuts-background-weatherFanart">false</setting>
        <setting type="bool" name="skin.nebula.skinshortcuts-background-special://home/addons\plugin.video.GoProCamera\fanart.jpg">true</setting>
        <setting type="bool" name="skin.nebula.skinshortcuts-background-special://home/addons\plugin.video.xctechs\fanart.jpg">true</setting>
        <setting type="bool" name="skin.nebula.skinshortcuts-background-special://home/userdata\Artwork\8-disney-cartoons.preview.jpg">true</setting>
        <setting type="bool" name="skin.nebula.skinshortcuts-background-special://home/userdata\Artwork\the-trailer-zone.jpg">true</setting>
        <setting type="bool" name="skin.nebula.skinshortcuts-background-special://home/addons\skin.nebula\backgrounds\Videos.jpg">true</setting>
        <setting type="bool" name="skin.nebula.skinshortcuts-background-special://home/userdata\Artwork\orig_motherboard-wallpaper.jpg">true</setting>
        <setting type="bool" name="skin.nebula.skinshortcuts-background-special://home/addons\plugin.video.youtube\fanart.jpg">true</setting>
        <setting type="bool" name="skin.nebula.skinshortcuts-background-special://home/addons\plugin.video.myvevo\fanart.jpg">true</setting>
        <setting type="bool" name="skin.nebula.skinshortcuts-background-special://home/addons\script.tvguidetecbox\fanart.jpg">true</setting>
        <setting type="bool" name="skin.nebula.skinshortcuts-background-special://home/addons\script.renegadestv\icon.png">true</setting>
        <setting type="bool" name="skin.nebula.skinshortcuts-background-special://home/addons\plugin.video.genesis\fanart.jpg">true</setting>
        <setting type="bool" name="skin.nebula.skinshortcuts-background-special://home/addons\plugin.video.salts\fanart.jpg">true</setting>
        <setting type="bool" name="skin.nebula.skinshortcuts-background-special://home/addons\plugin.video.muchmovies.hd\fanart.jpg">true</setting>
        <setting type="bool" name="skin.nebula.skinshortcuts-background-special://home/addons\plugin.video.mutttsnutz\fanart.jpg">true</setting>
        <setting type="bool" name="skin.nebula.skinshortcuts-background-special://home/addons\plugin.video.GoProCamera\fanart.jpg">true</setting>
        <setting type="bool" name="skin.nebula.skinshortcuts-background-special://home/addons\skin.nebula\backgrounds\Videos.jpg">true</setting>
        <setting type="bool" name="skin.nebula.skinshortcuts-background-special://home/userdata\Artwork\youtubeFlame.jpg">true</setting>
        <setting type="bool" name="skin.nebula.skinshortcuts-background-special://home/userdata\Artwork\images.jpg">true</setting>
        <setting type="bool" name="skin.nebula.skinshortcuts-background-special://home/addons\script.renegadestv\fanart.jpg">true</setting>
        <setting type="bool" name="skin.nebula.skinshortcuts-background-special://home/userdata\Artwork\8-disney-cartoons.preview.jpg">true</setting>
        <setting type="bool" name="skin.nebula.skinshortcuts-background-special://home/userdata\Artwork\the-trailer-zone.jpg">true</setting>
        <setting type="bool" name="skin.nebula.skinshortcuts-background-special://home/addons\plugin.video.youtube\fanart.jpg">true</setting>
        <setting type="bool" name="skin.nebula.skinshortcuts-background-special://home/addons\plugin.video.myvevo\fanart.jpg">true</setting>
        <setting type="bool" name="skin.nebula.skinshortcuts-background-special://home/addons\script.tvguidetecbox\fanart.jpg">true</setting>
        <setting type="bool" name="skin.nebula.skinshortcuts-background-special://home/addons\script.renegadestv\icon.png">true</setting>
        <setting type="bool" name="skin.nebula.skinshortcuts-background-special://home/addons\plugin.video.genesis\fanart.jpg">true</setting>
        <setting type="bool" name="skin.nebula.skinshortcuts-background-special://home/addons\plugin.video.salts\fanart.jpg">true</setting>
        <setting type="bool" name="skin.nebula.skinshortcuts-background-special://home/addons\plugin.video.muchmovies.hd\fanart.jpg">true</setting>
        <setting type="bool" name="skin.nebula.skinshortcuts-background-special://home/addons\plugin.video.mutttsnutz\fanart.jpg">true</setting>
        <setting type="bool" name="skin.nebula.skinshortcuts-background-special://home/addons\plugin.video.GoProCamera\fanart.jpg">true</setting>
        <setting type="bool" name="skin.nebula.skinshortcuts-background-special://home/addons\skin.nebula\backgrounds\Videos.jpg">true</setting>
        <setting type="bool" name="skin.nebula.FullscreenMusic">false</setting>
        <setting type="bool" name="skin.nebula.Theme.Color.Black">true</setting>
        <setting type="bool" name="skin.nebula.Theme.Color.White">false</setting>
        <setting type="bool" name="skin.nebula.EnableJustify">false</setting>
        <setting type="bool" name="skin.nebula.DisableOSDInfoOnPause">false</setting>
        <setting type="bool" name="skin.nebula.plexbmc">false</setting>
        <setting type="bool" name="skin.nebula.DisableFanart">false</setting>
        <setting type="bool" name="skin.nebula.EnableExtraFanart">true</setting>
        <setting type="bool" name="skin.nebula.KenBurnsEffect">true</setting>
        <setting type="bool" name="skin.nebula.Show_Player">false</setting>
        <setting type="bool" name="skin.nebula.MusicPlayingFanart">false</setting>
        <setting type="bool" name="skin.nebula.AutoScroll">false</setting>
        <setting type="bool" name="skin.nebula.ManualScroll">false</setting>
        <setting type="bool" name="skin.nebula.BlackGlassMode">false</setting>
        <setting type="bool" name="skin.nebula.skinshortcuts-background-special://home/userdata\Artwork\youtubeFlame.jpg">true</setting>
        <setting type="bool" name="skin.nebula.skinshortcuts-background-special://home/userdata\Artwork\vevoLOGO_540x361.jpg">true</setting>
        <setting type="bool" name="skin.nebula.skinshortcuts-background-special://home/addons\plugin.video.1channel\fanart.jpg">true</setting>
        <setting type="bool" name="skin.nebula.skinshortcuts-background-special://home/userdata\Artwork\music.jpg">true</setting>
        <setting type="bool" name="skin.nebula.skinshortcuts-background-special://home/addons\script.web.viewer\fanart.jpg">true</setting>
        <setting type="bool" name="skin.nebula.skinshortcuts-background-special://home/userdata\Artwork\sports-collage1.jpg">true</setting>
        <setting type="bool" name="skin.nebula.skinshortcuts-background-special://home/userdata\Artwork\youtubeFlame.jpg">true</setting>
        <setting type="bool" name="skin.nebula.skinshortcuts-background-special://home/addons\script.web.viewer\fanart.jpg">true</setting>
        <setting type="bool" name="skin.nebula.skinshortcuts-background-special://home/addons\script.tvguidetecbox\fanart.jpg">true</setting>
        <setting type="bool" name="skin.nebula.skinshortcuts-background-special://home/addons\script.renegadestv\icon.png">true</setting>
        <setting type="bool" name="skin.nebula.skinshortcuts-background-special://home/addons\plugin.video.genesis\fanart.jpg">true</setting>
        <setting type="bool" name="skin.nebula.skinshortcuts-background-special://home/addons\plugin.video.salts\fanart.jpg">true</setting>
        <setting type="bool" name="skin.nebula.skinshortcuts-background-special://home/addons\plugin.video.muchmovies.hd\fanart.jpg">true</setting>
        <setting type="bool" name="skin.nebula.skinshortcuts-background-special://home/addons\plugin.video.mutttsnutz\fanart.jpg">true</setting>
        <setting type="bool" name="skin.nebula.skinshortcuts-background-special://home/addons\plugin.video.1channel\fanart.jpg">true</setting>
        <setting type="bool" name="skin.nebula.skinshortcuts-background-special://home/userdata\Artwork\sports-collage1.jpg">true</setting>
        <setting type="bool" name="skin.nebula.skinshortcuts-background-special://home/userdata\Artwork\music.jpg">true</setting>
        <setting type="bool" name="skin.nebula.skinshortcuts-background-special://home/addons\skin.nebula\backgrounds\Videos.jpg">true</setting>
        <setting type="bool" name="skin.nebula.skinshortcuts-background-special://home/addons\script.renegadestv\fanart.jpg">true</setting>
        <setting type="bool" name="skin.nebula.skinshortcuts-background-special://home/addons\skin.nebula\backgrounds\youtubeFlame.jpg">true</setting>
        <setting type="bool" name="skin.nebula.skinshortcuts-background-special://home/addons\skin.nebula\backgrounds\sports-collage1.jpg">true</setting>
        <setting type="bool" name="skin.nebula.skinshortcuts-background-special://home/addons\skin.nebula\backgrounds\8-disney-cartoons.preview.jpg">true</setting>
        <setting type="bool" name="skin.nebula.skinshortcuts-background-special://home/addons\skin.nebula\backgrounds\music (2).jpg">true</setting>
        <setting type="bool" name="skin.nebula.skinshortcuts-background-special://home/addons\skin.nebula\backgrounds\Addons.jpg">true</setting>
        <setting type="bool" name="skin.nebula.skinshortcuts-background-special://home/addons\skin.nebula\backgrounds\orig_motherboard-wallpaper.jpg">true</setting>
        <setting type="bool" name="skin.nebula.skinshortcuts-background-special://home/addons\skin.nebula\backgrounds\Quit.jpg">true</setting>
        <setting type="bool" name="skin.nebula.skinshortcuts-background-special://home/addons\skin.nebula\backgrounds\Search.jpg">true</setting>
        <setting type="bool" name="skin.nebula.skinshortcuts-background-special://home//userdata\Artwork\youtubeFlame.jpg">true</setting>
        <setting type="bool" name="skin.nebula.skinshortcuts-background-special://home//addons\script.web.viewer\fanart.jpg">true</setting>
        <setting type="bool" name="skin.nebula.skinshortcuts-background-special://home//addons\script.tvguidetecbox\fanart.jpg">true</setting>
        <setting type="bool" name="skin.nebula.skinshortcuts-background-special://home//addons\script.renegadestv\icon.png">true</setting>
        <setting type="bool" name="skin.nebula.skinshortcuts-background-special://home//addons\plugin.video.genesis\fanart.jpg">true</setting>
        <setting type="bool" name="skin.nebula.skinshortcuts-background-special://home//addons\plugin.video.salts\fanart.jpg">true</setting>
        <setting type="bool" name="skin.nebula.skinshortcuts-background-special://home//addons\plugin.video.muchmovies.hd\fanart.jpg">true</setting>
        <setting type="bool" name="skin.nebula.skinshortcuts-background-special://home//addons\plugin.video.mutttsnutz\fanart.jpg">true</setting>
        <setting type="bool" name="skin.nebula.skinshortcuts-background-special://home//addons\plugin.video.1channel\fanart.jpg">true</setting>
        <setting type="bool" name="skin.nebula.skinshortcuts-background-special://home//userdata\Artwork\music.jpg">true</setting>
        <setting type="bool" name="skin.nebula.skinshortcuts-background-special://home//addons\skin.nebula\backgrounds\Videos.jpg">true</setting>
        <setting type="bool" name="skin.nebula.skinshortcuts-background-special://home//userdata\Artwork\8-disney-cartoons.preview.jpg">true</setting>
        <setting type="bool" name="skin.nebula.skinshortcuts-background-special://home/userdata\Artwork\YouTube-logo-full_color.png">true</setting>
        <setting type="bool" name="skin.nebula.skinshortcuts-background-special://home/userdata\Artwork\www.png">true</setting>
        <setting type="bool" name="skin.nebula.skinshortcuts-background-special://home/addons\script.web.viewer&#x0C;anart.jpg">true</setting>
        <setting type="bool" name="skin.nebula.skinshortcuts-background-special://home//addons\script.renegadestv\fanart.jpg">true</setting>
        <setting type="bool" name="skin.nebula.skinshortcuts-background-special://home/addons/script.web.viewer&#x0C;anart.jpg">true</setting>
        <setting type="bool" name="skin.nebula.skinshortcuts-background-special://home/userdata\Artwork\sports-collage1.jpg">true</setting>
        <setting type="bool" name="skin.nebula.skinshortcuts-background-special://home//userdata\Artwork\sports-collage1.jpg">true</setting>
        <setting type="bool" name="skin.nebula.skinshortcuts-background-special://home//addons\script.iptvkingguide\fanart.jpg">true</setting>
        <setting type="bool" name="skin.nebula.skinshortcuts-background-special://home//addons\script.iptvkingguide\fanart.jpg">true</setting>
        <setting type="bool" name="skin.nebula.skinshortcuts-background-C:\Users\Todd\AppData\Roaming\Kodi\addons\script.dnatvguide\fanart.jpg">true</setting>
        <setting type="bool" name="skin.nebula.skinshortcuts-background-C:\Users\Todd\AppData\Roaming\Kodi\addons\plugin.video.genesis\fanart.jpg">true</setting>
        <setting type="string" name="skin.nebula.TVShows.Background"></setting>
        <setting type="string" name="skin.nebula.Movies.Background"></setting>
        <setting type="string" name="skin.nebula.Clips.Background"></setting>
        <setting type="string" name="skin.nebula.Videos.Background"></setting>
        <setting type="string" name="skin.nebula.Addons.Background"></setting>
        <setting type="string" name="skin.nebula.Settings.Background"></setting>
        <setting type="string" name="skin.nebula.Music.Background"></setting>
        <setting type="string" name="skin.nebula.Radio.Background"></setting>
        <setting type="string" name="skin.nebula.Tv.Background"></setting>
        <setting type="string" name="skin.nebula.Favourites.Background"></setting>
        <setting type="string" name="skin.nebula.Pictures.Background"></setting>
        <setting type="string" name="skin.nebula.Default.Background"></setting>
        <setting type="string" name="skin.nebula.weatherArtPath"></setting>
        <setting type="string" name="skin.nebula.Concerts.Background"></setting>
        <setting type="string" name="skin.nebula.Weather.Background"></setting>
        <setting type="string" name="skin.nebula.DVD.Background"></setting>
        <setting type="string" name="skin.nebula.Quit.Background"></setting>
        <setting type="string" name="skin.nebula.WeatherView">shortlist</setting>
        <setting type="string" name="skin.nebula.skinshortcuts-widget-1">Movie</setting>
        <setting type="string" name="skin.nebula.skinshortcuts-widget-2">Episode</setting>
        <setting type="string" name="skin.nebula.skinshortcuts-widget-3">Music</setting>
        <setting type="string" name="skin.nebula.skinshortcuts-widget-4">Clip</setting>
        <setting type="string" name="skin.nebula.skinshortcuts-widget-5">Concert</setting>
        <setting type="string" name="skin.nebula.skinshortcuts-widget-6">Addon</setting>
        <setting type="string" name="skin.nebula.skinshortcuts-widget-7">Addon</setting>
        <setting type="string" name="skin.nebula.skinshortcuts-widget-8">Movie</setting>
        <setting type="string" name="skin.nebula.skinshortcuts-widget-9">Episode</setting>
        <setting type="string" name="skin.nebula.skinshortcuts-widget-10">Music</setting>
        <setting type="string" name="skin.nebula.skinshortcuts-widget-11">Clip</setting>
        <setting type="string" name="skin.nebula.skinshortcuts-widget-12">Concert</setting>
        <setting type="string" name="skin.nebula.skinshortcuts-widget-13">Favourite</setting>
        <setting type="string" name="skin.nebula.skinshortcuts-widget-14">Clip</setting>
        <setting type="string" name="skin.nebula.skinshortcuts-widget-15">Concert</setting>
        <setting type="string" name="skin.nebula.skinshortcuts-widget-16">Favourite</setting>
        <setting type="string" name="skin.nebula.cdartPath"></setting>
        <setting type="string" name="skin.nebula.MusicPath"></setting>
        <setting type="string" name="skin.nebula.WeatherType"></setting>
        <setting type="string" name="skin.nebula.LyricPath"></setting>
        <setting type="string" name="skin.nebula.StartupWindow">home</setting>
        <setting type="string" name="skin.nebula.CustomStartup.Path"></setting>
        <setting type="string" name="skin.nebula.StartupWindowOption"></setting>
        <setting type="string" name="skin.nebula.CustomStartup.Label"></setting>
        <setting type="string" name="skin.nebula.startup-screentype">video</setting>
        <setting type="string" name="skin.nebula.startup-multiimagepath">special://home/media\</setting>
        <setting type="string" name="skin.nebula.startup-imagepath">special://home/media\splash.png</setting>
        <setting type="string" name="skin.nebula.startup-videopath">special://home/media\My Movie.mp4</setting>
        <setting type="string" name="skin.nebula.startup-playlisttype"></setting>
        <setting type="string" name="skin.nebula.startup-musicplaylistpath"></setting>
        <setting type="string" name="skin.nebula.startup-videoplaylistpath"></setting>
        <setting type="string" name="skin.nebula.ShelfAddons.1.Label"></setting>
        <setting type="string" name="skin.nebula.ShelfAddons.2.Label"></setting>
        <setting type="string" name="skin.nebula.ShelfAddons.3.Label"></setting>
        <setting type="string" name="skin.nebula.ShelfAddons.4.Label"></setting>
        <setting type="string" name="skin.nebula.ShelfAddons.5.Label"></setting>
        <setting type="string" name="skin.nebula.ShelfAddons.6.Label"></setting>
        <setting type="string" name="skin.nebula.ShelfAddons.7.Label"></setting>
        <setting type="string" name="skin.nebula.ShelfAddons.8.Label"></setting>
        <setting type="string" name="skin.nebula.ShelfAddons.9.Label"></setting>
        <setting type="string" name="skin.nebula.ShelfAddons.10.Label"></setting>
        <setting type="string" name="skin.nebula.CustomPicturesBackgroundPath"></setting>
        <setting type="string" name="skin.nebula.StudioImagesCustompath"></setting>
        <setting type="string" name="skin.nebula.GadgetRows"></setting>
        <setting type="string" name="skin.nebula.widget-tvshows"></setting>
        <setting type="string" name="skin.nebula.widget-20342"></setting>
        <setting type="string" name="skin.nebula.widget-movies"></setting>
        <setting type="string" name="skin.nebula.widget-3"></setting>
        <setting type="string" name="skin.nebula.widget-videos"></setting>
        <setting type="string" name="skin.nebula.widget-33060"></setting>
        <setting type="string" name="skin.nebula.widget-power"></setting>
        <setting type="string" name="skin.nebula.widget-settings"></setting>
        <setting type="string" name="skin.nebula.widget-0"></setting>
        <setting type="string" name="skin.nebula.widget-programs"></setting>
        <setting type="string" name="skin.nebula.widget-1"></setting>
        <setting type="string" name="skin.nebula.widget-pictures"></setting>
        <setting type="string" name="skin.nebula.widget-31103"></setting>
        <setting type="string" name="skin.nebula.widget-livetv"></setting>
        <setting type="string" name="skin.nebula.widget-arcade"></setting>
        <setting type="string" name="skin.nebula.widget-music"></setting>
        <setting type="string" name="skin.nebula.SkinHelper.RandomFanartDelay"></setting>
        <setting type="string" name="skin.nebula.SkinHelper.ForcedViews."></setting>
        <setting type="string" name="skin.nebula.ShelfAddons.11.Label"></setting>
        <setting type="string" name="skin.nebula.ShelfAddons.12.Label"></setting>
        <setting type="string" name="skin.nebula.ShelfAddons.13.Label"></setting>
        <setting type="string" name="skin.nebula.ShelfAddons.14.Label"></setting>
        <setting type="string" name="skin.nebula.ShelfAddons.15.Label"></setting>
        <setting type="string" name="skin.nebula.ShelfAddons.16.Label"></setting>
        <setting type="string" name="skin.nebula.ShelfAddons.17.Label"></setting>
        <setting type="string" name="skin.nebula.ShelfAddons.18.Label"></setting>
        <setting type="string" name="skin.nebula.ShelfAddons.19.Label"></setting>
        <setting type="string" name="skin.nebula.ShelfAddons.20.Label"></setting>
        <setting type="string" name="skin.nebula.SkinHelper.ForcedViews.programs"></setting>
        <setting type="string" name="skin.nebula.SkinHelper.CustomStudioImagesPath"></setting>
        <setting type="string" name="skin.nebula.SkinHelper.PicturesBackgroundPath"></setting>
        <setting type="string" name="skin.nebula.SkinHelper.CustomPicturesBackgroundPath"></setting>
        <setting type="string" name="skin.nebula.SkinHelper.ForcedViews.movies"></setting>
        <setting type="string" name="skin.nebula.SkinHelper.ShowInfoAtPlaybackStart"></setting>
        <setting type="string" name="skin.nebula.SkinHelper.ForcedViews.files"></setting>
        <setting type="string" name="skin.nebula.SkinHelper.ForcedViews.tvshows"></setting>
        <setting type="string" name="skin.nebula.SkinHelper.ForcedViews.seasons"></setting>
        <setting type="string" name="skin.nebula.SkinHelper.ForcedViews.episodes"></setting>
        <setting type="string" name="skin.nebula.SkinHelper.AutoCloseVideoOSD"></setting>
        <setting type="string" name="skin.nebula.SkinHelper.ForcedViews.tvchannels"></setting>
        <setting type="string" name="skin.nebula.Search.Background"></setting>
    </skinsettings>
    <viewstates>
        <musicfiles>
            <viewmode>720896</viewmode>
            <sortmethod>1</sortmethod>
            <sortorder>1</sortorder>
            <sortattributes>0</sortattributes>
        </musicfiles>
        <musiclastfm>
            <viewmode>65536</viewmode>
            <sortmethod>1</sortmethod>
            <sortorder>1</sortorder>
            <sortattributes>0</sortattributes>
        </musiclastfm>
        <musicnavalbums>
            <viewmode>65536</viewmode>
            <sortmethod>1</sortmethod>
            <sortorder>1</sortorder>
            <sortattributes>0</sortattributes>
        </musicnavalbums>
        <musicnavartists>
            <viewmode>65536</viewmode>
            <sortmethod>1</sortmethod>
            <sortorder>1</sortorder>
            <sortattributes>0</sortattributes>
        </musicnavartists>
        <musicnavsongs>
            <viewmode>65536</viewmode>
            <sortmethod>1</sortmethod>
            <sortorder>1</sortorder>
            <sortattributes>0</sortattributes>
        </musicnavsongs>
        <pictures>
            <viewmode>720896</viewmode>
            <sortmethod>1</sortmethod>
            <sortorder>1</sortorder>
            <sortattributes>0</sortattributes>
        </pictures>
        <programs>
            <viewmode>65536</viewmode>
            <sortmethod>1</sortmethod>
            <sortorder>1</sortorder>
            <sortattributes>1</sortattributes>
        </programs>
        <videofiles>
            <viewmode>65536</viewmode>
            <sortmethod>0</sortmethod>
            <sortorder>0</sortorder>
            <sortattributes>0</sortattributes>
        </videofiles>
        <videonavactors>
            <viewmode>65536</viewmode>
            <sortmethod>1</sortmethod>
            <sortorder>1</sortorder>
            <sortattributes>0</sortattributes>
        </videonavactors>
        <videonavepisodes>
            <viewmode>65586</viewmode>
            <sortmethod>21</sortmethod>
            <sortorder>1</sortorder>
            <sortattributes>0</sortattributes>
        </videonavepisodes>
        <videonavgenres>
            <viewmode>65536</viewmode>
            <sortmethod>1</sortmethod>
            <sortorder>1</sortorder>
            <sortattributes>0</sortattributes>
        </videonavgenres>
        <videonavmusicvideos>
            <viewmode>65587</viewmode>
            <sortmethod>7</sortmethod>
            <sortorder>1</sortorder>
            <sortattributes>0</sortattributes>
        </videonavmusicvideos>
        <videonavseasons>
            <viewmode>65536</viewmode>
            <sortmethod>1</sortmethod>
            <sortorder>1</sortorder>
            <sortattributes>0</sortattributes>
        </videonavseasons>
        <videonavtitles>
            <viewmode>458811</viewmode>
            <sortmethod>27</sortmethod>
            <sortorder>1</sortorder>
            <sortattributes>1</sortattributes>
        </videonavtitles>
        <videonavtvshows>
            <viewmode>458811</viewmode>
            <sortmethod>27</sortmethod>
            <sortorder>1</sortorder>
            <sortattributes>1</sortattributes>
        </videonavtvshows>
        <videonavyears>
            <viewmode>65536</viewmode>
            <sortmethod>1</sortmethod>
            <sortorder>1</sortorder>
            <sortattributes>0</sortattributes>
        </videonavyears>
    </viewstates>
    <audio>
        <mute>false</mute>
        <fvolumelevel>1.000000</fvolumelevel>
    </audio>
</settings>
