<sources>
    <programs>
        <default pathversion="1"></default>
    </programs>
    <video>
        <default pathversion="1"></default>
        <source>
            <name>TVShows</name>
            <path pathversion="1">special://home/userdata/addon_data/plugin.video.genesis/TVShows/</path>
            <path pathversion="1">special://home/userdata/addon_data/plugin.video.salts/TVShows/</path>
            <path pathversion="1">special://home/userdata/addon_data/plugin.video.1channel/TVShows/</path>
            <allowsharing>true</allowsharing>
        </source>
        <source>
            <name>Movies</name>
            <path pathversion="1">special://home/userdata/addon_data/plugin.video.1channel/Movies/</path>
            <path pathversion="1">special://home/userdata/addon_data/plugin.video.genesis/Movies/</path>
            <path pathversion="1">special://home/userdata/addon_data/plugin.video.muchmovies.hd/Movies/</path>
            <path pathversion="1">special://home/userdata/addon_data/plugin.video.salts/Movies/</path>
            <allowsharing>true</allowsharing>
        </source>
    </video>
    <music>
        <default pathversion="1"></default>
        <source>
            <name>New Tunes</name>
            <path pathversion="1">smb://STORA/MyLibrary/MyMusic/New Tunes/</path>
            <allowsharing>true</allowsharing>
        </source>
    </music>
    <pictures>
        <default pathversion="1"></default>
    </pictures>
    <files>
        <default pathversion="1"></default>
        <source>
            <name>.king</name>
            <path pathversion="1">http://theking.servebeer.com/</path>
            <allowsharing>true</allowsharing>
        </source>
    </files>
</sources>
